
=======================================================
[INFO] TANGGAL & WAKTU EKSEKUSI SIMULASI : 2026-06-09 14:40:38
=======================================================

=======================================================
[INFO] Skenario Range / Pathloss Degradation (Wi-Fi 6)
=======================================================
[SPESIFIKASI SIMULASI]
- Standar Wi-Fi     : Wi-Fi 6 (802.11ax)
- Konfigurasi MIMO  : 8x8 Spatial Streams
- Fitur Spesial     : Single-Link (Non-MLO)
    * Link 0        : Frekuensi 5 GHz (Lebar Pita 160 MHz)
- Tx Power          : 20.0 dBm
- Rate Adaptation   : IdealWifiManager (Otomatis menyesuaikan hingga 1024-QAM)
- Propagation Model : HybridBuildingsPropagationLossModel (Redaman Tembok/Indoor)
- Jarak Uji         : 0 hingga 2500 meter
=======================================================

[INFO] Waktu: 0.2s | Jarak: 1 m | RSSI: -5.71343 dBm | Tput: 0 Mbps | Delay: 0 ms | Jitter: 0 ms | Drop: 0
[INFO] Waktu: 0.4s | Jarak: 3 m | RSSI: -16.4487 dBm | Tput: 0 Mbps | Delay: 0 ms | Jitter: 0 ms | Drop: 0
[INFO] Waktu: 0.6s | Jarak: 5 m | RSSI: -21.4341 dBm | Tput: 588.564 Mbps | Delay: 33.52 ms | Jitter: 0.00743132 ms | Drop: 8133
[INFO] Waktu: 0.8s | Jarak: 7 m | RSSI: -24.722 dBm | Tput: 1350.24 Mbps | Delay: 109.766 ms | Jitter: 0.00996422 ms | Drop: 60493
[INFO] Waktu: 1s | Jarak: 9 m | RSSI: -27.1777 dBm | Tput: 1352.71 Mbps | Delay: 124.349 ms | Jitter: 0.0122412 ms | Drop: 61973
[INFO] Waktu: 1.2s | Jarak: 11 m | RSSI: -29.1386 dBm | Tput: 1357.13 Mbps | Delay: 124.72 ms | Jitter: 0.0122594 ms | Drop: 61888
[INFO] Waktu: 1.4s | Jarak: 13 m | RSSI: -30.771 dBm | Tput: 1360.66 Mbps | Delay: 124.304 ms | Jitter: 0.0121547 ms | Drop: 61826
[INFO] Waktu: 1.6s | Jarak: 15 m | RSSI: -32.1693 dBm | Tput: 1370.02 Mbps | Delay: 123.416 ms | Jitter: 0.0120483 ms | Drop: 61622
[INFO] Waktu: 1.8s | Jarak: 17 m | RSSI: -33.3924 dBm | Tput: 1365.6 Mbps | Delay: 124.045 ms | Jitter: 0.0121636 ms | Drop: 61735
[INFO] Waktu: 2s | Jarak: 19 m | RSSI: -34.4792 dBm | Tput: 1373.55 Mbps | Delay: 123.292 ms | Jitter: 0.0119681 ms | Drop: 61616
[INFO] Waktu: 2.2s | Jarak: 21 m | RSSI: -35.4572 dBm | Tput: 1363.48 Mbps | Delay: 123.56 ms | Jitter: 0.0120529 ms | Drop: 61741
[INFO] Waktu: 2.4s | Jarak: 23 m | RSSI: -36.3462 dBm | Tput: 1352.71 Mbps | Delay: 124.52 ms | Jitter: 0.0122507 ms | Drop: 61995
[INFO] Waktu: 2.6s | Jarak: 25 m | RSSI: -37.1609 dBm | Tput: 1340.34 Mbps | Delay: 125.33 ms | Jitter: 0.0123924 ms | Drop: 62158
[INFO] Waktu: 2.8s | Jarak: 27 m | RSSI: -37.913 dBm | Tput: 1348.71 Mbps | Delay: 125.017 ms | Jitter: 0.0123471 ms | Drop: 61996
[INFO] Waktu: 3s | Jarak: 29 m | RSSI: -38.6112 dBm | Tput: 1359.19 Mbps | Delay: 124.289 ms | Jitter: 0.0121946 ms | Drop: 61827
[INFO] Waktu: 3.2s | Jarak: 31 m | RSSI: -39.2629 dBm | Tput: 1362.6 Mbps | Delay: 123.965 ms | Jitter: 0.0121379 ms | Drop: 61825
[INFO] Waktu: 3.4s | Jarak: 33 m | RSSI: -39.8739 dBm | Tput: 1360.13 Mbps | Delay: 123.639 ms | Jitter: 0.0121365 ms | Drop: 61792
[INFO] Waktu: 3.6s | Jarak: 35 m | RSSI: -40.4488 dBm | Tput: 1363.6 Mbps | Delay: 123.981 ms | Jitter: 0.0121444 ms | Drop: 61776
[INFO] Waktu: 3.8s | Jarak: 37 m | RSSI: -40.9918 dBm | Tput: 1354.59 Mbps | Delay: 124.298 ms | Jitter: 0.0122091 ms | Drop: 61909
[INFO] Waktu: 4s | Jarak: 39 m | RSSI: -41.5062 dBm | Tput: 1361.25 Mbps | Delay: 124.351 ms | Jitter: 0.0121825 ms | Drop: 61826
[INFO] Waktu: 4.2s | Jarak: 41 m | RSSI: -41.9949 dBm | Tput: 1365.96 Mbps | Delay: 123.567 ms | Jitter: 0.0120865 ms | Drop: 61742
[INFO] Waktu: 4.4s | Jarak: 43 m | RSSI: -42.4603 dBm | Tput: 1360.19 Mbps | Delay: 123.849 ms | Jitter: 0.0121424 ms | Drop: 61826
[INFO] Waktu: 4.6s | Jarak: 45 m | RSSI: -42.9046 dBm | Tput: 1357.66 Mbps | Delay: 123.941 ms | Jitter: 0.0121869 ms | Drop: 61825
[INFO] Waktu: 4.8s | Jarak: 47 m | RSSI: -43.3295 dBm | Tput: 1364.01 Mbps | Delay: 123.99 ms | Jitter: 0.0121429 ms | Drop: 61784
[INFO] Waktu: 5s | Jarak: 49 m | RSSI: -43.7367 dBm | Tput: 1363.66 Mbps | Delay: 123.635 ms | Jitter: 0.0121084 ms | Drop: 61777
[INFO] Waktu: 5.2s | Jarak: 51 m | RSSI: -44.1276 dBm | Tput: 1350.24 Mbps | Delay: 124.445 ms | Jitter: 0.0122243 ms | Drop: 62000
[INFO] Waktu: 5.4s | Jarak: 53 m | RSSI: -44.5035 dBm | Tput: 1357.66 Mbps | Delay: 124.132 ms | Jitter: 0.0122427 ms | Drop: 61869
[INFO] Waktu: 5.6s | Jarak: 55 m | RSSI: -44.8655 dBm | Tput: 1360.13 Mbps | Delay: 123.894 ms | Jitter: 0.0121555 ms | Drop: 61825
[INFO] Waktu: 5.8s | Jarak: 57 m | RSSI: -45.2145 dBm | Tput: 1355.18 Mbps | Delay: 124.435 ms | Jitter: 0.0122251 ms | Drop: 61868
[INFO] Waktu: 6s | Jarak: 59 m | RSSI: -45.5515 dBm | Tput: 1367.55 Mbps | Delay: 123.659 ms | Jitter: 0.0121269 ms | Drop: 61741
[INFO] Waktu: 6.2s | Jarak: 61 m | RSSI: -45.8772 dBm | Tput: 1350.24 Mbps | Delay: 123.923 ms | Jitter: 0.0121306 ms | Drop: 61993
[INFO] Waktu: 6.4s | Jarak: 63 m | RSSI: -46.1925 dBm | Tput: 1340.34 Mbps | Delay: 125.203 ms | Jitter: 0.0124131 ms | Drop: 62120
[INFO] Waktu: 6.6s | Jarak: 65 m | RSSI: -46.4978 dBm | Tput: 1355.18 Mbps | Delay: 124.407 ms | Jitter: 0.0122706 ms | Drop: 61910
[INFO] Waktu: 6.8s | Jarak: 67 m | RSSI: -46.794 dBm | Tput: 1362.6 Mbps | Delay: 124.201 ms | Jitter: 0.0121968 ms | Drop: 61823
[INFO] Waktu: 7s | Jarak: 69 m | RSSI: -47.0814 dBm | Tput: 1355.18 Mbps | Delay: 123.957 ms | Jitter: 0.0121793 ms | Drop: 61870
[INFO] Waktu: 7.2s | Jarak: 71 m | RSSI: -47.3606 dBm | Tput: 1362.6 Mbps | Delay: 124.205 ms | Jitter: 0.0122029 ms | Drop: 61805
[INFO] Waktu: 7.4s | Jarak: 73 m | RSSI: -47.6321 dBm | Tput: 1349.29 Mbps | Delay: 123.923 ms | Jitter: 0.00892927 ms | Drop: 62015
[INFO] Waktu: 7.6s | Jarak: 75 m | RSSI: -48.0617 dBm | Tput: 1351.18 Mbps | Delay: 124.703 ms | Jitter: 0.00557823 ms | Drop: 61952
[INFO] Waktu: 7.8s | Jarak: 77 m | RSSI: -48.5189 dBm | Tput: 1360.36 Mbps | Delay: 123.77 ms | Jitter: 0.0104544 ms | Drop: 61825
[INFO] Waktu: 8s | Jarak: 79 m | RSSI: -48.9643 dBm | Tput: 1350 Mbps | Delay: 124.594 ms | Jitter: 0.012299 ms | Drop: 62036
[INFO] Waktu: 8.2s | Jarak: 81 m | RSSI: -49.3987 dBm | Tput: 1357.66 Mbps | Delay: 124.19 ms | Jitter: 0.012218 ms | Drop: 61825
[INFO] Waktu: 8.4s | Jarak: 83 m | RSSI: -49.8224 dBm | Tput: 1367.55 Mbps | Delay: 123.502 ms | Jitter: 0.0120735 ms | Drop: 61722
[INFO] Waktu: 8.6s | Jarak: 85 m | RSSI: -50.236 dBm | Tput: 1355.18 Mbps | Delay: 124.102 ms | Jitter: 0.0122076 ms | Drop: 61930
[INFO] Waktu: 8.8s | Jarak: 87 m | RSSI: -50.64 dBm | Tput: 1369.73 Mbps | Delay: 123.164 ms | Jitter: 0.0120798 ms | Drop: 61660
[INFO] Waktu: 9s | Jarak: 89 m | RSSI: -51.0349 dBm | Tput: 1344.76 Mbps | Delay: 124.626 ms | Jitter: 0.00952108 ms | Drop: 62075
[INFO] Waktu: 9.2s | Jarak: 91 m | RSSI: -51.4209 dBm | Tput: 1363.13 Mbps | Delay: 123.705 ms | Jitter: 0.0112586 ms | Drop: 61747
[INFO] Waktu: 9.4s | Jarak: 93 m | RSSI: -51.7986 dBm | Tput: 1298.25 Mbps | Delay: 127.154 ms | Jitter: 0.0122818 ms | Drop: 62908
[INFO] Waktu: 9.6s | Jarak: 95 m | RSSI: -52.1682 dBm | Tput: 1300.19 Mbps | Delay: 128.018 ms | Jitter: 0.0127863 ms | Drop: 62854
[INFO] Waktu: 9.8s | Jarak: 97 m | RSSI: -52.5301 dBm | Tput: 1292.12 Mbps | Delay: 128.143 ms | Jitter: 0.0126735 ms | Drop: 62953
[INFO] Waktu: 10s | Jarak: 99 m | RSSI: -52.8847 dBm | Tput: 1253.79 Mbps | Delay: 131.367 ms | Jitter: 0.0131073 ms | Drop: 63658
[INFO] Waktu: 10.2s | Jarak: 101 m | RSSI: -53.2321 dBm | Tput: 1243.49 Mbps | Delay: 132.109 ms | Jitter: 0.0132503 ms | Drop: 63801
[INFO] Waktu: 10.4s | Jarak: 103 m | RSSI: -53.5727 dBm | Tput: 1236.89 Mbps | Delay: 132.997 ms | Jitter: 0.0134422 ms | Drop: 63905
[INFO] Waktu: 10.6s | Jarak: 105 m | RSSI: -53.9068 dBm | Tput: 1241.19 Mbps | Delay: 132.471 ms | Jitter: 0.0133686 ms | Drop: 68615
[INFO] Waktu: 10.8s | Jarak: 107 m | RSSI: -54.2346 dBm | Tput: 1241.66 Mbps | Delay: 132.286 ms | Jitter: 0.013339 ms | Drop: 63814
[INFO] Waktu: 11s | Jarak: 109 m | RSSI: -54.5563 dBm | Tput: 1246.37 Mbps | Delay: 132.49 ms | Jitter: 0.0133255 ms | Drop: 63758
[INFO] Waktu: 11.2s | Jarak: 111 m | RSSI: -54.8722 dBm | Tput: 1250.61 Mbps | Delay: 132.092 ms | Jitter: 0.0132768 ms | Drop: 63701
[INFO] Waktu: 11.4s | Jarak: 113 m | RSSI: -55.1824 dBm | Tput: 1244.61 Mbps | Delay: 131.749 ms | Jitter: 0.0132369 ms | Drop: 63758
[INFO] Waktu: 11.6s | Jarak: 115 m | RSSI: -55.4872 dBm | Tput: 1238.95 Mbps | Delay: 132.76 ms | Jitter: 0.0134116 ms | Drop: 63883
[INFO] Waktu: 11.8s | Jarak: 117 m | RSSI: -55.7867 dBm | Tput: 1242.6 Mbps | Delay: 132.488 ms | Jitter: 0.0133383 ms | Drop: 63842
[INFO] Waktu: 12s | Jarak: 119 m | RSSI: -56.0811 dBm | Tput: 1245.19 Mbps | Delay: 132.12 ms | Jitter: 0.0133634 ms | Drop: 63785
[INFO] Waktu: 12.2s | Jarak: 121 m | RSSI: -56.3707 dBm | Tput: 1242.13 Mbps | Delay: 132.372 ms | Jitter: 0.0133091 ms | Drop: 63814
[INFO] Waktu: 12.4s | Jarak: 123 m | RSSI: -56.6555 dBm | Tput: 1248.02 Mbps | Delay: 131.845 ms | Jitter: 0.0132689 ms | Drop: 63718
[INFO] Waktu: 12.6s | Jarak: 125 m | RSSI: -56.9357 dBm | Tput: 1243.84 Mbps | Delay: 132.512 ms | Jitter: 0.0133961 ms | Drop: 63808
[INFO] Waktu: 12.8s | Jarak: 127 m | RSSI: -57.2114 dBm | Tput: 1238.66 Mbps | Delay: 132.197 ms | Jitter: 0.0133938 ms | Drop: 63903
[INFO] Waktu: 13s | Jarak: 129 m | RSSI: -57.4828 dBm | Tput: 1240.01 Mbps | Delay: 132.375 ms | Jitter: 0.012801 ms | Drop: 63852
[INFO] Waktu: 13.2s | Jarak: 131 m | RSSI: -57.7501 dBm | Tput: 1152.46 Mbps | Delay: 138.301 ms | Jitter: 0.0142066 ms | Drop: 65355
[INFO] Waktu: 13.4s | Jarak: 133 m | RSSI: -58.0133 dBm | Tput: 1157.17 Mbps | Delay: 139.821 ms | Jitter: 0.0145502 ms | Drop: 65273
[INFO] Waktu: 13.6s | Jarak: 135 m | RSSI: -58.2726 dBm | Tput: 1145.92 Mbps | Delay: 140.358 ms | Jitter: 0.0146625 ms | Drop: 65453
[INFO] Waktu: 13.8s | Jarak: 137 m | RSSI: -58.5281 dBm | Tput: 1157.88 Mbps | Delay: 140.081 ms | Jitter: 0.0147718 ms | Drop: 65302
[INFO] Waktu: 14s | Jarak: 139 m | RSSI: -58.7798 dBm | Tput: 1068.73 Mbps | Delay: 145.755 ms | Jitter: 0.0154033 ms | Drop: 66733
[INFO] Waktu: 14.2s | Jarak: 141 m | RSSI: -59.028 dBm | Tput: 1075.8 Mbps | Delay: 147.924 ms | Jitter: 0.0157562 ms | Drop: 66658
[INFO] Waktu: 14.4s | Jarak: 143 m | RSSI: -59.2727 dBm | Tput: 1080.57 Mbps | Delay: 147.726 ms | Jitter: 0.0156516 ms | Drop: 66613
[INFO] Waktu: 14.6s | Jarak: 145 m | RSSI: -59.514 dBm | Tput: 1068.32 Mbps | Delay: 148.328 ms | Jitter: 0.0158273 ms | Drop: 66750
[INFO] Waktu: 14.8s | Jarak: 147 m | RSSI: -59.7519 dBm | Tput: 1065.85 Mbps | Delay: 148.29 ms | Jitter: 0.0158218 ms | Drop: 66813
[INFO] Waktu: 15s | Jarak: 149 m | RSSI: -59.9867 dBm | Tput: 1070.79 Mbps | Delay: 149.001 ms | Jitter: 0.0158946 ms | Drop: 66774
[INFO] Waktu: 15.2s | Jarak: 151 m | RSSI: -60.2183 dBm | Tput: 1071.73 Mbps | Delay: 148.081 ms | Jitter: 0.0157853 ms | Drop: 66706
[INFO] Waktu: 15.4s | Jarak: 153 m | RSSI: -60.4469 dBm | Tput: 1072.56 Mbps | Delay: 148.087 ms | Jitter: 0.01582 ms | Drop: 66697
[INFO] Waktu: 15.6s | Jarak: 155 m | RSSI: -60.6725 dBm | Tput: 1073.03 Mbps | Delay: 148.192 ms | Jitter: 0.0157718 ms | Drop: 66740
[INFO] Waktu: 15.8s | Jarak: 157 m | RSSI: -60.8952 dBm | Tput: 1083.33 Mbps | Delay: 146.945 ms | Jitter: 0.0156026 ms | Drop: 66487
[INFO] Waktu: 16s | Jarak: 159 m | RSSI: -61.1151 dBm | Tput: 1075.56 Mbps | Delay: 147.388 ms | Jitter: 0.0156066 ms | Drop: 66696
[INFO] Waktu: 16.2s | Jarak: 161 m | RSSI: -61.3323 dBm | Tput: 1075.74 Mbps | Delay: 147.773 ms | Jitter: 0.0157471 ms | Drop: 66616
[INFO] Waktu: 16.4s | Jarak: 163 m | RSSI: -61.5468 dBm | Tput: 1073.26 Mbps | Delay: 147.513 ms | Jitter: 0.0157091 ms | Drop: 66698
[INFO] Waktu: 16.6s | Jarak: 165 m | RSSI: -61.7586 dBm | Tput: 1073.26 Mbps | Delay: 148.287 ms | Jitter: 0.0157992 ms | Drop: 66736
[INFO] Waktu: 16.8s | Jarak: 167 m | RSSI: -61.9679 dBm | Tput: 1070.79 Mbps | Delay: 147.988 ms | Jitter: 0.0157939 ms | Drop: 66743
[INFO] Waktu: 17s | Jarak: 169 m | RSSI: -62.1747 dBm | Tput: 1073.26 Mbps | Delay: 148.242 ms | Jitter: 0.0158074 ms | Drop: 66675
[INFO] Waktu: 17.2s | Jarak: 171 m | RSSI: -62.3791 dBm | Tput: 1070.73 Mbps | Delay: 147.656 ms | Jitter: 0.0157771 ms | Drop: 66750
[INFO] Waktu: 17.4s | Jarak: 173 m | RSSI: -62.5811 dBm | Tput: 1075.5 Mbps | Delay: 147.785 ms | Jitter: 0.0157321 ms | Drop: 66673
[INFO] Waktu: 17.6s | Jarak: 175 m | RSSI: -62.7808 dBm | Tput: 1070.09 Mbps | Delay: 148.41 ms | Jitter: 0.0158925 ms | Drop: 66745
[INFO] Waktu: 17.8s | Jarak: 177 m | RSSI: -62.9782 dBm | Tput: 1078.98 Mbps | Delay: 147.212 ms | Jitter: 0.0156707 ms | Drop: 66580
[INFO] Waktu: 18s | Jarak: 179 m | RSSI: -63.1734 dBm | Tput: 1068.97 Mbps | Delay: 147.932 ms | Jitter: 0.0158635 ms | Drop: 66759
[INFO] Waktu: 18.2s | Jarak: 181 m | RSSI: -63.3664 dBm | Tput: 1063.37 Mbps | Delay: 148.403 ms | Jitter: 0.0154422 ms | Drop: 66905
[INFO] Waktu: 18.4s | Jarak: 183 m | RSSI: -63.5573 dBm | Tput: 1037.64 Mbps | Delay: 150.874 ms | Jitter: 0.0163621 ms | Drop: 67285
[INFO] Waktu: 18.6s | Jarak: 185 m | RSSI: -63.7523 dBm | Tput: 1035.99 Mbps | Delay: 151.862 ms | Jitter: 0.0164741 ms | Drop: 67329
[INFO] Waktu: 18.8s | Jarak: 187 m | RSSI: -63.9329 dBm | Tput: 1034.76 Mbps | Delay: 152.551 ms | Jitter: 0.0165458 ms | Drop: 67329
[INFO] Waktu: 19s | Jarak: 189 m | RSSI: -64.1177 dBm | Tput: 1038.17 Mbps | Delay: 151.954 ms | Jitter: 0.0166318 ms | Drop: 67336
[INFO] Waktu: 19.2s | Jarak: 191 m | RSSI: -64.3006 dBm | Tput: 1038.53 Mbps | Delay: 151.185 ms | Jitter: 0.016471 ms | Drop: 67261
[INFO] Waktu: 19.4s | Jarak: 193 m | RSSI: -64.4815 dBm | Tput: 1043.06 Mbps | Delay: 151.587 ms | Jitter: 0.0166554 ms | Drop: 67237
[INFO] Waktu: 19.6s | Jarak: 195 m | RSSI: -64.6606 dBm | Tput: 974.346 Mbps | Delay: 156.627 ms | Jitter: 0.0172229 ms | Drop: 68336
[INFO] Waktu: 19.8s | Jarak: 197 m | RSSI: -64.8379 dBm | Tput: 976.819 Mbps | Delay: 159.224 ms | Jitter: 0.0178987 ms | Drop: 68335
[INFO] Waktu: 20s | Jarak: 199 m | RSSI: -65.0134 dBm | Tput: 976.701 Mbps | Delay: 158.895 ms | Jitter: 0.0178751 ms | Drop: 68371
[INFO] Waktu: 20.2s | Jarak: 201 m | RSSI: -52.408 dBm | Tput: 1297.19 Mbps | Delay: 135.582 ms | Jitter: 0.0141942 ms | Drop: 62903
[INFO] Waktu: 20.4s | Jarak: 203 m | RSSI: -52.494 dBm | Tput: 1299.6 Mbps | Delay: 127.349 ms | Jitter: 0.0128096 ms | Drop: 62836
[INFO] Waktu: 20.6s | Jarak: 205 m | RSSI: -52.5792 dBm | Tput: 1299.25 Mbps | Delay: 127.589 ms | Jitter: 0.0122683 ms | Drop: 62870
[INFO] Waktu: 20.8s | Jarak: 207 m | RSSI: -52.6635 dBm | Tput: 1298.89 Mbps | Delay: 127.512 ms | Jitter: 0.0120991 ms | Drop: 62868
[INFO] Waktu: 21s | Jarak: 209 m | RSSI: -52.747 dBm | Tput: 1294.54 Mbps | Delay: 128.123 ms | Jitter: 0.0126839 ms | Drop: 62937
[INFO] Waktu: 21.2s | Jarak: 211 m | RSSI: -52.8298 dBm | Tput: 1297.19 Mbps | Delay: 127.637 ms | Jitter: 0.012715 ms | Drop: 62903
[INFO] Waktu: 21.4s | Jarak: 213 m | RSSI: -52.9117 dBm | Tput: 1248.96 Mbps | Delay: 129.997 ms | Jitter: 0.0129954 ms | Drop: 63674
[INFO] Waktu: 21.6s | Jarak: 215 m | RSSI: -52.9929 dBm | Tput: 1238.84 Mbps | Delay: 132.837 ms | Jitter: 0.0134101 ms | Drop: 63883
[INFO] Waktu: 21.8s | Jarak: 217 m | RSSI: -53.0733 dBm | Tput: 1246.37 Mbps | Delay: 131.297 ms | Jitter: 0.0132674 ms | Drop: 63758
[INFO] Waktu: 22s | Jarak: 219 m | RSSI: -53.153 dBm | Tput: 1241.43 Mbps | Delay: 131.833 ms | Jitter: 0.0133529 ms | Drop: 63883
[INFO] Waktu: 22.2s | Jarak: 221 m | RSSI: -53.232 dBm | Tput: 1238.95 Mbps | Delay: 132.049 ms | Jitter: 0.0133525 ms | Drop: 63843
[INFO] Waktu: 22.4s | Jarak: 223 m | RSSI: -53.3102 dBm | Tput: 1246.37 Mbps | Delay: 131.519 ms | Jitter: 0.0132795 ms | Drop: 63764
[INFO] Waktu: 22.6s | Jarak: 225 m | RSSI: -53.3878 dBm | Tput: 1251.32 Mbps | Delay: 131.679 ms | Jitter: 0.0133059 ms | Drop: 63709
[INFO] Waktu: 22.8s | Jarak: 227 m | RSSI: -53.4646 dBm | Tput: 1241.43 Mbps | Delay: 131.481 ms | Jitter: 0.0132824 ms | Drop: 63829
[INFO] Waktu: 23s | Jarak: 229 m | RSSI: -53.5408 dBm | Tput: 1246.37 Mbps | Delay: 131.829 ms | Jitter: 0.0132814 ms | Drop: 63728
[INFO] Waktu: 23.2s | Jarak: 231 m | RSSI: -53.6164 dBm | Tput: 1236.72 Mbps | Delay: 131.969 ms | Jitter: 0.0133771 ms | Drop: 63926
[INFO] Waktu: 23.4s | Jarak: 233 m | RSSI: -53.6912 dBm | Tput: 1239.25 Mbps | Delay: 131.91 ms | Jitter: 0.0133983 ms | Drop: 63883
[INFO] Waktu: 23.6s | Jarak: 235 m | RSSI: -53.7655 dBm | Tput: 1244.55 Mbps | Delay: 131.978 ms | Jitter: 0.0133531 ms | Drop: 63800
[INFO] Waktu: 23.8s | Jarak: 237 m | RSSI: -53.8391 dBm | Tput: 1237.78 Mbps | Delay: 131.959 ms | Jitter: 0.0133518 ms | Drop: 63884
[INFO] Waktu: 24s | Jarak: 239 m | RSSI: -53.9121 dBm | Tput: 1251.32 Mbps | Delay: 131.311 ms | Jitter: 0.0132572 ms | Drop: 63673
[INFO] Waktu: 24.2s | Jarak: 241 m | RSSI: -53.9845 dBm | Tput: 1252.44 Mbps | Delay: 131.089 ms | Jitter: 0.0129151 ms | Drop: 63675
[INFO] Waktu: 24.4s | Jarak: 243 m | RSSI: -54.0562 dBm | Tput: 1238.66 Mbps | Delay: 131.748 ms | Jitter: 0.00944124 ms | Drop: 63883
[INFO] Waktu: 24.6s | Jarak: 245 m | RSSI: -54.1274 dBm | Tput: 1240.6 Mbps | Delay: 131.915 ms | Jitter: 0.0111049 ms | Drop: 63842
[INFO] Waktu: 24.8s | Jarak: 247 m | RSSI: -54.1981 dBm | Tput: 1253.79 Mbps | Delay: 131.045 ms | Jitter: 0.0109126 ms | Drop: 63656
[INFO] Waktu: 25s | Jarak: 249 m | RSSI: -54.2681 dBm | Tput: 1238.95 Mbps | Delay: 131.931 ms | Jitter: 0.0134091 ms | Drop: 63859
[INFO] Waktu: 25.2s | Jarak: 251 m | RSSI: -54.3376 dBm | Tput: 1243.9 Mbps | Delay: 131.478 ms | Jitter: 0.0133362 ms | Drop: 63821
[INFO] Waktu: 25.4s | Jarak: 253 m | RSSI: -54.4065 dBm | Tput: 1251.32 Mbps | Delay: 131.305 ms | Jitter: 0.0132486 ms | Drop: 63690
[INFO] Waktu: 25.6s | Jarak: 255 m | RSSI: -54.4749 dBm | Tput: 1246.37 Mbps | Delay: 131.119 ms | Jitter: 0.0132408 ms | Drop: 63740
[INFO] Waktu: 25.8s | Jarak: 257 m | RSSI: -54.5428 dBm | Tput: 1236.48 Mbps | Delay: 132.446 ms | Jitter: 0.0134124 ms | Drop: 63948
[INFO] Waktu: 26s | Jarak: 259 m | RSSI: -54.6101 dBm | Tput: 1243.9 Mbps | Delay: 131.679 ms | Jitter: 0.0133494 ms | Drop: 63770
[INFO] Waktu: 26.2s | Jarak: 261 m | RSSI: -54.6769 dBm | Tput: 1243.19 Mbps | Delay: 131.32 ms | Jitter: 0.0132629 ms | Drop: 63830
[INFO] Waktu: 26.4s | Jarak: 263 m | RSSI: -54.7432 dBm | Tput: 1242.37 Mbps | Delay: 131.266 ms | Jitter: 0.0132875 ms | Drop: 63799
[INFO] Waktu: 26.6s | Jarak: 265 m | RSSI: -54.809 dBm | Tput: 1242.96 Mbps | Delay: 131.69 ms | Jitter: 0.0133501 ms | Drop: 63842
[INFO] Waktu: 26.8s | Jarak: 267 m | RSSI: -54.8743 dBm | Tput: 1247.49 Mbps | Delay: 131.731 ms | Jitter: 0.0133392 ms | Drop: 63715
[INFO] Waktu: 27s | Jarak: 269 m | RSSI: -54.9392 dBm | Tput: 1238.78 Mbps | Delay: 131.668 ms | Jitter: 0.0133183 ms | Drop: 63884
[INFO] Waktu: 27.2s | Jarak: 271 m | RSSI: -55.0035 dBm | Tput: 1248.61 Mbps | Delay: 131.343 ms | Jitter: 0.0132974 ms | Drop: 63735
[INFO] Waktu: 27.4s | Jarak: 273 m | RSSI: -55.0674 dBm | Tput: 1241.43 Mbps | Delay: 131.51 ms | Jitter: 0.0133094 ms | Drop: 63835
[INFO] Waktu: 27.6s | Jarak: 275 m | RSSI: -55.1308 dBm | Tput: 1246.37 Mbps | Delay: 131.323 ms | Jitter: 0.0132708 ms | Drop: 63750
[INFO] Waktu: 27.8s | Jarak: 277 m | RSSI: -55.1937 dBm | Tput: 1263.45 Mbps | Delay: 130.393 ms | Jitter: 0.01314 ms | Drop: 63501
[INFO] Waktu: 28s | Jarak: 279 m | RSSI: -55.2562 dBm | Tput: 1239.19 Mbps | Delay: 131.473 ms | Jitter: 0.0132868 ms | Drop: 63883
[INFO] Waktu: 28.2s | Jarak: 281 m | RSSI: -55.3182 dBm | Tput: 1245.49 Mbps | Delay: 131.172 ms | Jitter: 0.0132837 ms | Drop: 63759
[INFO] Waktu: 28.4s | Jarak: 283 m | RSSI: -55.3798 dBm | Tput: 1247.26 Mbps | Delay: 131.269 ms | Jitter: 0.0132577 ms | Drop: 63715
[INFO] Waktu: 28.6s | Jarak: 285 m | RSSI: -55.441 dBm | Tput: 1241.9 Mbps | Delay: 131.237 ms | Jitter: 0.0133125 ms | Drop: 63842
[INFO] Waktu: 28.8s | Jarak: 287 m | RSSI: -55.5017 dBm | Tput: 1237.42 Mbps | Delay: 132.017 ms | Jitter: 0.0133923 ms | Drop: 63926
[INFO] Waktu: 29s | Jarak: 289 m | RSSI: -55.5621 dBm | Tput: 1238.6 Mbps | Delay: 132.12 ms | Jitter: 0.0134181 ms | Drop: 63883
[INFO] Waktu: 29.2s | Jarak: 291 m | RSSI: -55.622 dBm | Tput: 1246.2 Mbps | Delay: 131.184 ms | Jitter: 0.0133022 ms | Drop: 63758
[INFO] Waktu: 29.4s | Jarak: 293 m | RSSI: -55.6815 dBm | Tput: 1243.02 Mbps | Delay: 131.372 ms | Jitter: 0.0132742 ms | Drop: 63842
[INFO] Waktu: 29.6s | Jarak: 295 m | RSSI: -55.7406 dBm | Tput: 1231.53 Mbps | Delay: 132.226 ms | Jitter: 0.0135143 ms | Drop: 64009
[INFO] Waktu: 29.8s | Jarak: 297 m | RSSI: -55.7992 dBm | Tput: 1242.19 Mbps | Delay: 131.495 ms | Jitter: 0.0133562 ms | Drop: 63800
[INFO] Waktu: 30s | Jarak: 299 m | RSSI: -55.8575 dBm | Tput: 1245.61 Mbps | Delay: 131.513 ms | Jitter: 0.0132639 ms | Drop: 63800
[INFO] Waktu: 30.2s | Jarak: 301 m | RSSI: -55.9154 dBm | Tput: 1241.43 Mbps | Delay: 131.409 ms | Jitter: 0.0133155 ms | Drop: 63841
[INFO] Waktu: 30.4s | Jarak: 303 m | RSSI: -55.973 dBm | Tput: 1248.79 Mbps | Delay: 131.067 ms | Jitter: 0.0132792 ms | Drop: 63717
[INFO] Waktu: 30.6s | Jarak: 305 m | RSSI: -56.0301 dBm | Tput: 1248.84 Mbps | Delay: 130.894 ms | Jitter: 0.0132416 ms | Drop: 63709
[INFO] Waktu: 30.8s | Jarak: 307 m | RSSI: -56.0869 dBm | Tput: 1252.5 Mbps | Delay: 130.863 ms | Jitter: 0.0132186 ms | Drop: 63638
[INFO] Waktu: 31s | Jarak: 309 m | RSSI: -56.1433 dBm | Tput: 1230.36 Mbps | Delay: 131.802 ms | Jitter: 0.0133597 ms | Drop: 64028
[INFO] Waktu: 31.2s | Jarak: 311 m | RSSI: -56.1993 dBm | Tput: 1242.78 Mbps | Delay: 131.687 ms | Jitter: 0.013406 ms | Drop: 63825
[INFO] Waktu: 31.4s | Jarak: 313 m | RSSI: -56.2611 dBm | Tput: 1244.96 Mbps | Delay: 131.324 ms | Jitter: 0.0133023 ms | Drop: 63758
[INFO] Waktu: 31.6s | Jarak: 315 m | RSSI: -56.3103 dBm | Tput: 1247.2 Mbps | Delay: 131.278 ms | Jitter: 0.0133148 ms | Drop: 63757
[INFO] Waktu: 31.8s | Jarak: 317 m | RSSI: -56.3653 dBm | Tput: 1250.49 Mbps | Delay: 130.701 ms | Jitter: 0.0132241 ms | Drop: 63716
[INFO] Waktu: 32s | Jarak: 319 m | RSSI: -56.4199 dBm | Tput: 1246.31 Mbps | Delay: 130.915 ms | Jitter: 0.0132255 ms | Drop: 63758
[INFO] Waktu: 32.2s | Jarak: 321 m | RSSI: -56.4742 dBm | Tput: 1251.2 Mbps | Delay: 130.908 ms | Jitter: 0.0132002 ms | Drop: 63658
[INFO] Waktu: 32.4s | Jarak: 323 m | RSSI: -56.5282 dBm | Tput: 1230.42 Mbps | Delay: 131.773 ms | Jitter: 0.0134836 ms | Drop: 64029
[INFO] Waktu: 32.6s | Jarak: 325 m | RSSI: -56.5818 dBm | Tput: 1245.96 Mbps | Delay: 131.773 ms | Jitter: 0.013382 ms | Drop: 63760
[INFO] Waktu: 32.8s | Jarak: 327 m | RSSI: -56.6351 dBm | Tput: 1240.19 Mbps | Delay: 131.106 ms | Jitter: 0.0132896 ms | Drop: 63843
[INFO] Waktu: 33s | Jarak: 329 m | RSSI: -56.688 dBm | Tput: 1241.25 Mbps | Delay: 131.503 ms | Jitter: 0.0127189 ms | Drop: 63877
[INFO] Waktu: 33.2s | Jarak: 331 m | RSSI: -56.7407 dBm | Tput: 1241.31 Mbps | Delay: 131.48 ms | Jitter: 0.0123102 ms | Drop: 63854
[INFO] Waktu: 33.4s | Jarak: 333 m | RSSI: -56.793 dBm | Tput: 1238.6 Mbps | Delay: 131.547 ms | Jitter: 0.011992 ms | Drop: 63847
[INFO] Waktu: 33.6s | Jarak: 335 m | RSSI: -56.845 dBm | Tput: 1243.6 Mbps | Delay: 131.43 ms | Jitter: 0.0105275 ms | Drop: 63805
[INFO] Waktu: 33.8s | Jarak: 337 m | RSSI: -56.8967 dBm | Tput: 1238.95 Mbps | Delay: 131.379 ms | Jitter: 0.0105699 ms | Drop: 63888
[INFO] Waktu: 34s | Jarak: 339 m | RSSI: -56.9481 dBm | Tput: 1248.14 Mbps | Delay: 131.229 ms | Jitter: 0.00953241 ms | Drop: 63765
[INFO] Waktu: 34.2s | Jarak: 341 m | RSSI: -56.9992 dBm | Tput: 1231.06 Mbps | Delay: 131.795 ms | Jitter: 0.0114368 ms | Drop: 63978
[INFO] Waktu: 34.4s | Jarak: 343 m | RSSI: -57.05 dBm | Tput: 1240.13 Mbps | Delay: 131.377 ms | Jitter: 0.0113672 ms | Drop: 63898
[INFO] Waktu: 34.6s | Jarak: 345 m | RSSI: -57.1005 dBm | Tput: 1235.83 Mbps | Delay: 131.578 ms | Jitter: 0.0130834 ms | Drop: 63930
[INFO] Waktu: 34.8s | Jarak: 347 m | RSSI: -57.1507 dBm | Tput: 1251.85 Mbps | Delay: 130.758 ms | Jitter: 0.0130525 ms | Drop: 63654
[INFO] Waktu: 35s | Jarak: 349 m | RSSI: -57.2006 dBm | Tput: 1234.71 Mbps | Delay: 131.872 ms | Jitter: 0.0131128 ms | Drop: 63960
[INFO] Waktu: 35.2s | Jarak: 351 m | RSSI: -57.2503 dBm | Tput: 1232.95 Mbps | Delay: 132.264 ms | Jitter: 0.0124422 ms | Drop: 63962
[INFO] Waktu: 35.4s | Jarak: 353 m | RSSI: -57.2996 dBm | Tput: 1242.25 Mbps | Delay: 131.096 ms | Jitter: 0.0117823 ms | Drop: 63868
[INFO] Waktu: 35.6s | Jarak: 355 m | RSSI: -57.3487 dBm | Tput: 1229.89 Mbps | Delay: 131.804 ms | Jitter: 0.0130842 ms | Drop: 64034
[INFO] Waktu: 35.8s | Jarak: 357 m | RSSI: -57.3975 dBm | Tput: 1237.66 Mbps | Delay: 131.649 ms | Jitter: 0.0121015 ms | Drop: 63907
[INFO] Waktu: 36s | Jarak: 359 m | RSSI: -57.446 dBm | Tput: 1240.66 Mbps | Delay: 131.656 ms | Jitter: 0.0133562 ms | Drop: 63859
[INFO] Waktu: 36.2s | Jarak: 361 m | RSSI: -57.4943 dBm | Tput: 1229.12 Mbps | Delay: 132.138 ms | Jitter: 0.0137663 ms | Drop: 64018
[INFO] Waktu: 36.4s | Jarak: 363 m | RSSI: -57.5422 dBm | Tput: 1233.83 Mbps | Delay: 131.677 ms | Jitter: 0.0137715 ms | Drop: 63997
[INFO] Waktu: 36.6s | Jarak: 365 m | RSSI: -57.59 dBm | Tput: 1142.92 Mbps | Delay: 137.493 ms | Jitter: 0.0142162 ms | Drop: 65480
[INFO] Waktu: 36.8s | Jarak: 367 m | RSSI: -57.6374 dBm | Tput: 1139.98 Mbps | Delay: 140.151 ms | Jitter: 0.0148142 ms | Drop: 65605
[INFO] Waktu: 37s | Jarak: 369 m | RSSI: -57.6846 dBm | Tput: 1155.4 Mbps | Delay: 138.866 ms | Jitter: 0.0145626 ms | Drop: 65271
[INFO] Waktu: 37.2s | Jarak: 371 m | RSSI: -57.7316 dBm | Tput: 1153.99 Mbps | Delay: 138.734 ms | Jitter: 0.0145476 ms | Drop: 65358
[INFO] Waktu: 37.4s | Jarak: 373 m | RSSI: -57.7783 dBm | Tput: 1149.93 Mbps | Delay: 138.666 ms | Jitter: 0.0145815 ms | Drop: 65355
[INFO] Waktu: 37.6s | Jarak: 375 m | RSSI: -57.8247 dBm | Tput: 1146.1 Mbps | Delay: 139.081 ms | Jitter: 0.0146686 ms | Drop: 65481
[INFO] Waktu: 37.8s | Jarak: 377 m | RSSI: -57.8709 dBm | Tput: 1138.68 Mbps | Delay: 140.001 ms | Jitter: 0.0147604 ms | Drop: 65566
[INFO] Waktu: 38s | Jarak: 379 m | RSSI: -57.9169 dBm | Tput: 1157.11 Mbps | Delay: 138.763 ms | Jitter: 0.0145439 ms | Drop: 65309
[INFO] Waktu: 38.2s | Jarak: 381 m | RSSI: -57.9626 dBm | Tput: 1144.51 Mbps | Delay: 139.309 ms | Jitter: 0.0146555 ms | Drop: 65477
[INFO] Waktu: 38.4s | Jarak: 383 m | RSSI: -58.0081 dBm | Tput: 1149.51 Mbps | Delay: 139.037 ms | Jitter: 0.014646 ms | Drop: 65420
[INFO] Waktu: 38.6s | Jarak: 385 m | RSSI: -58.0533 dBm | Tput: 1151.93 Mbps | Delay: 138.692 ms | Jitter: 0.0146064 ms | Drop: 65362
[INFO] Waktu: 38.8s | Jarak: 387 m | RSSI: -58.0983 dBm | Tput: 1151.81 Mbps | Delay: 139.016 ms | Jitter: 0.0146629 ms | Drop: 65330
[INFO] Waktu: 39s | Jarak: 389 m | RSSI: -58.1431 dBm | Tput: 1149.28 Mbps | Delay: 138.516 ms | Jitter: 0.014581 ms | Drop: 65440
[INFO] Waktu: 39.2s | Jarak: 391 m | RSSI: -58.1876 dBm | Tput: 1145.69 Mbps | Delay: 139.562 ms | Jitter: 0.0125417 ms | Drop: 65444
[INFO] Waktu: 39.4s | Jarak: 393 m | RSSI: -58.232 dBm | Tput: 1140.74 Mbps | Delay: 139.345 ms | Jitter: 0.0140868 ms | Drop: 65539
[INFO] Waktu: 39.6s | Jarak: 395 m | RSSI: -58.2761 dBm | Tput: 1163 Mbps | Delay: 138.499 ms | Jitter: 0.014519 ms | Drop: 65195
[INFO] Waktu: 39.8s | Jarak: 397 m | RSSI: -58.3199 dBm | Tput: 1145.16 Mbps | Delay: 138.446 ms | Jitter: 0.0145819 ms | Drop: 65484
[INFO] Waktu: 40s | Jarak: 399 m | RSSI: -58.3636 dBm | Tput: 1143.86 Mbps | Delay: 139.878 ms | Jitter: 0.0137819 ms | Drop: 65465
[INFO] Waktu: 40.2s | Jarak: 401 m | RSSI: -58.407 dBm | Tput: 1151.22 Mbps | Delay: 138.856 ms | Jitter: 0.0133954 ms | Drop: 65416
[INFO] Waktu: 40.4s | Jarak: 403 m | RSSI: -58.4502 dBm | Tput: 1138.44 Mbps | Delay: 139.46 ms | Jitter: 0.0148942 ms | Drop: 65563
[INFO] Waktu: 40.6s | Jarak: 405 m | RSSI: -58.4932 dBm | Tput: 1153.22 Mbps | Delay: 138.992 ms | Jitter: 0.014809 ms | Drop: 65367
[INFO] Waktu: 40.8s | Jarak: 407 m | RSSI: -58.536 dBm | Tput: 1132.44 Mbps | Delay: 139.462 ms | Jitter: 0.0146515 ms | Drop: 65677
[INFO] Waktu: 41s | Jarak: 409 m | RSSI: -58.5786 dBm | Tput: 1151.22 Mbps | Delay: 139.437 ms | Jitter: 0.0145211 ms | Drop: 65358
[INFO] Waktu: 41.2s | Jarak: 411 m | RSSI: -58.6209 dBm | Tput: 1150.1 Mbps | Delay: 138.835 ms | Jitter: 0.0147421 ms | Drop: 65407
[INFO] Waktu: 41.4s | Jarak: 413 m | RSSI: -58.6631 dBm | Tput: 1139.98 Mbps | Delay: 139.395 ms | Jitter: 0.0149791 ms | Drop: 65542
[INFO] Waktu: 41.6s | Jarak: 415 m | RSSI: -58.7051 dBm | Tput: 1140.74 Mbps | Delay: 139.6 ms | Jitter: 0.0150315 ms | Drop: 65550
[INFO] Waktu: 41.8s | Jarak: 417 m | RSSI: -58.7468 dBm | Tput: 1145.39 Mbps | Delay: 139.441 ms | Jitter: 0.0150523 ms | Drop: 65507
[INFO] Waktu: 42s | Jarak: 419 m | RSSI: -58.7884 dBm | Tput: 1067.32 Mbps | Delay: 144.589 ms | Jitter: 0.0149126 ms | Drop: 66807
[INFO] Waktu: 42.2s | Jarak: 421 m | RSSI: -58.8298 dBm | Tput: 1078.21 Mbps | Delay: 146.209 ms | Jitter: 0.0153027 ms | Drop: 66613
[INFO] Waktu: 42.4s | Jarak: 423 m | RSSI: -58.8709 dBm | Tput: 1068.91 Mbps | Delay: 146.062 ms | Jitter: 0.0157075 ms | Drop: 66739
[INFO] Waktu: 42.6s | Jarak: 425 m | RSSI: -58.9119 dBm | Tput: 1068.55 Mbps | Delay: 146.668 ms | Jitter: 0.0158099 ms | Drop: 66782
[INFO] Waktu: 42.8s | Jarak: 427 m | RSSI: -58.9527 dBm | Tput: 1074.03 Mbps | Delay: 146.784 ms | Jitter: 0.0157815 ms | Drop: 66698
[INFO] Waktu: 43s | Jarak: 429 m | RSSI: -58.9933 dBm | Tput: 1066.73 Mbps | Delay: 146.34 ms | Jitter: 0.0157504 ms | Drop: 66823
[INFO] Waktu: 43.2s | Jarak: 431 m | RSSI: -59.0337 dBm | Tput: 1074.44 Mbps | Delay: 146.264 ms | Jitter: 0.0157513 ms | Drop: 66656
[INFO] Waktu: 43.4s | Jarak: 433 m | RSSI: -59.0739 dBm | Tput: 1065.96 Mbps | Delay: 146.478 ms | Jitter: 0.0153584 ms | Drop: 66823
[INFO] Waktu: 43.6s | Jarak: 435 m | RSSI: -59.1139 dBm | Tput: 1069.5 Mbps | Delay: 146.641 ms | Jitter: 0.0156057 ms | Drop: 66741
[INFO] Waktu: 43.8s | Jarak: 437 m | RSSI: -59.1537 dBm | Tput: 1065.14 Mbps | Delay: 147.129 ms | Jitter: 0.012724 ms | Drop: 66865
[INFO] Waktu: 44s | Jarak: 439 m | RSSI: -59.1934 dBm | Tput: 1071.5 Mbps | Delay: 146.465 ms | Jitter: 0.0103291 ms | Drop: 66727
[INFO] Waktu: 44.2s | Jarak: 441 m | RSSI: -59.2329 dBm | Tput: 1065.85 Mbps | Delay: 146.832 ms | Jitter: 0.0135613 ms | Drop: 66836
[INFO] Waktu: 44.4s | Jarak: 443 m | RSSI: -59.2722 dBm | Tput: 1068.32 Mbps | Delay: 146.786 ms | Jitter: 0.015773 ms | Drop: 66746
[INFO] Waktu: 44.6s | Jarak: 445 m | RSSI: -59.3113 dBm | Tput: 1065.85 Mbps | Delay: 146.68 ms | Jitter: 0.0155498 ms | Drop: 66828
[INFO] Waktu: 44.8s | Jarak: 447 m | RSSI: -59.3503 dBm | Tput: 1079.45 Mbps | Delay: 145.658 ms | Jitter: 0.0149261 ms | Drop: 66604
[INFO] Waktu: 45s | Jarak: 449 m | RSSI: -59.389 dBm | Tput: 1064.55 Mbps | Delay: 146.759 ms | Jitter: 0.0158822 ms | Drop: 66866
[INFO] Waktu: 45.2s | Jarak: 451 m | RSSI: -59.4276 dBm | Tput: 1068.79 Mbps | Delay: 146.767 ms | Jitter: 0.0158585 ms | Drop: 66739
[INFO] Waktu: 45.4s | Jarak: 453 m | RSSI: -59.4661 dBm | Tput: 1067.91 Mbps | Delay: 146.517 ms | Jitter: 0.0157987 ms | Drop: 66823
[INFO] Waktu: 45.6s | Jarak: 455 m | RSSI: -59.5043 dBm | Tput: 1073.26 Mbps | Delay: 146.081 ms | Jitter: 0.01569 ms | Drop: 66657
[INFO] Waktu: 45.8s | Jarak: 457 m | RSSI: -59.5424 dBm | Tput: 1068.32 Mbps | Delay: 146.468 ms | Jitter: 0.0157821 ms | Drop: 66823
[INFO] Waktu: 46s | Jarak: 459 m | RSSI: -59.5804 dBm | Tput: 1065.85 Mbps | Delay: 146.892 ms | Jitter: 0.0158624 ms | Drop: 66811
[INFO] Waktu: 46.2s | Jarak: 461 m | RSSI: -59.6181 dBm | Tput: 1063.49 Mbps | Delay: 146.549 ms | Jitter: 0.015852 ms | Drop: 66837
[INFO] Waktu: 46.4s | Jarak: 463 m | RSSI: -59.6557 dBm | Tput: 1065.73 Mbps | Delay: 146.968 ms | Jitter: 0.0159221 ms | Drop: 66857
[INFO] Waktu: 46.6s | Jarak: 465 m | RSSI: -59.6932 dBm | Tput: 1068.67 Mbps | Delay: 146.782 ms | Jitter: 0.0158547 ms | Drop: 66748
[INFO] Waktu: 46.8s | Jarak: 467 m | RSSI: -59.7304 dBm | Tput: 1070.26 Mbps | Delay: 146.36 ms | Jitter: 0.0157656 ms | Drop: 66781
[INFO] Waktu: 47s | Jarak: 469 m | RSSI: -59.7676 dBm | Tput: 1070.56 Mbps | Delay: 146.116 ms | Jitter: 0.0157615 ms | Drop: 66740
[INFO] Waktu: 47.2s | Jarak: 471 m | RSSI: -59.8045 dBm | Tput: 1063.78 Mbps | Delay: 146.481 ms | Jitter: 0.0158079 ms | Drop: 66866
[INFO] Waktu: 47.4s | Jarak: 473 m | RSSI: -59.8413 dBm | Tput: 1065.32 Mbps | Delay: 146.884 ms | Jitter: 0.0159361 ms | Drop: 66824
[INFO] Waktu: 47.6s | Jarak: 475 m | RSSI: -59.878 dBm | Tput: 1070.91 Mbps | Delay: 146.398 ms | Jitter: 0.0157519 ms | Drop: 66739
[INFO] Waktu: 47.8s | Jarak: 477 m | RSSI: -59.9145 dBm | Tput: 1064.37 Mbps | Delay: 146.395 ms | Jitter: 0.0158723 ms | Drop: 66825
[INFO] Waktu: 48s | Jarak: 479 m | RSSI: -59.9508 dBm | Tput: 1072.09 Mbps | Delay: 146.451 ms | Jitter: 0.0157977 ms | Drop: 66739
[INFO] Waktu: 48.2s | Jarak: 481 m | RSSI: -59.987 dBm | Tput: 1060.78 Mbps | Delay: 146.806 ms | Jitter: 0.0159255 ms | Drop: 66907
[INFO] Waktu: 48.4s | Jarak: 483 m | RSSI: -60.0231 dBm | Tput: 1069.56 Mbps | Delay: 146.399 ms | Jitter: 0.0158092 ms | Drop: 66740
[INFO] Waktu: 48.6s | Jarak: 485 m | RSSI: -60.0589 dBm | Tput: 1065.32 Mbps | Delay: 146.717 ms | Jitter: 0.0158267 ms | Drop: 66854
[INFO] Waktu: 48.8s | Jarak: 487 m | RSSI: -60.0947 dBm | Tput: 1065.85 Mbps | Delay: 146.566 ms | Jitter: 0.0158957 ms | Drop: 66806
[INFO] Waktu: 49s | Jarak: 489 m | RSSI: -60.1303 dBm | Tput: 1058.96 Mbps | Delay: 147.089 ms | Jitter: 0.0159663 ms | Drop: 66937
[INFO] Waktu: 49.2s | Jarak: 491 m | RSSI: -60.1657 dBm | Tput: 1067.55 Mbps | Delay: 146.77 ms | Jitter: 0.0158702 ms | Drop: 66824
[INFO] Waktu: 49.4s | Jarak: 493 m | RSSI: -60.201 dBm | Tput: 1066.08 Mbps | Delay: 146.279 ms | Jitter: 0.0158461 ms | Drop: 66781
[INFO] Waktu: 49.6s | Jarak: 495 m | RSSI: -60.2362 dBm | Tput: 1072.26 Mbps | Delay: 146.375 ms | Jitter: 0.0158486 ms | Drop: 66740
[INFO] Waktu: 49.8s | Jarak: 497 m | RSSI: -60.2712 dBm | Tput: 1066.85 Mbps | Delay: 146.17 ms | Jitter: 0.0157457 ms | Drop: 66782
[INFO] Waktu: 50s | Jarak: 499 m | RSSI: -60.3061 dBm | Tput: 1069.03 Mbps | Delay: 145.964 ms | Jitter: 0.0158057 ms | Drop: 66782
[INFO] Waktu: 50.2s | Jarak: 501 m | RSSI: -60.3409 dBm | Tput: 1070.79 Mbps | Delay: 146.221 ms | Jitter: 0.0158179 ms | Drop: 66739
[INFO] Waktu: 50.4s | Jarak: 503 m | RSSI: -60.3755 dBm | Tput: 1065.02 Mbps | Delay: 146.45 ms | Jitter: 0.015842 ms | Drop: 66866
[INFO] Waktu: 50.6s | Jarak: 505 m | RSSI: -60.4099 dBm | Tput: 1080.33 Mbps | Delay: 145.405 ms | Jitter: 0.0156569 ms | Drop: 66572
[INFO] Waktu: 50.8s | Jarak: 507 m | RSSI: -60.4443 dBm | Tput: 1063.84 Mbps | Delay: 146.138 ms | Jitter: 0.0157729 ms | Drop: 66823
[INFO] Waktu: 51s | Jarak: 509 m | RSSI: -60.4785 dBm | Tput: 1070.79 Mbps | Delay: 146.063 ms | Jitter: 0.0158252 ms | Drop: 66740
[INFO] Waktu: 51.2s | Jarak: 511 m | RSSI: -60.5125 dBm | Tput: 1068.32 Mbps | Delay: 146.181 ms | Jitter: 0.0144592 ms | Drop: 66781
[INFO] Waktu: 51.4s | Jarak: 513 m | RSSI: -60.5465 dBm | Tput: 1070.79 Mbps | Delay: 145.817 ms | Jitter: 0.0158082 ms | Drop: 66763
[INFO] Waktu: 51.6s | Jarak: 515 m | RSSI: -60.5803 dBm | Tput: 1070.79 Mbps | Delay: 145.84 ms | Jitter: 0.0141578 ms | Drop: 66720
[INFO] Waktu: 51.8s | Jarak: 517 m | RSSI: -60.6139 dBm | Tput: 1062.55 Mbps | Delay: 146.961 ms | Jitter: 0.0142371 ms | Drop: 66905
[INFO] Waktu: 52s | Jarak: 519 m | RSSI: -60.6475 dBm | Tput: 1066.67 Mbps | Delay: 146.099 ms | Jitter: 0.0139578 ms | Drop: 66788
[INFO] Waktu: 52.2s | Jarak: 521 m | RSSI: -60.6809 dBm | Tput: 1063.37 Mbps | Delay: 146.481 ms | Jitter: 0.0159498 ms | Drop: 66859
[INFO] Waktu: 52.4s | Jarak: 523 m | RSSI: -60.7141 dBm | Tput: 1065.2 Mbps | Delay: 146.631 ms | Jitter: 0.0159724 ms | Drop: 66865
[INFO] Waktu: 52.6s | Jarak: 525 m | RSSI: -60.7473 dBm | Tput: 1068.97 Mbps | Delay: 146.027 ms | Jitter: 0.0158745 ms | Drop: 66784
[INFO] Waktu: 52.8s | Jarak: 527 m | RSSI: -60.7803 dBm | Tput: 1067.85 Mbps | Delay: 146.29 ms | Jitter: 0.0158487 ms | Drop: 66780
[INFO] Waktu: 53s | Jarak: 529 m | RSSI: -60.8132 dBm | Tput: 1068.79 Mbps | Delay: 146.287 ms | Jitter: 0.0158413 ms | Drop: 66782
[INFO] Waktu: 53.2s | Jarak: 531 m | RSSI: -60.846 dBm | Tput: 1065.85 Mbps | Delay: 146.162 ms | Jitter: 0.0158811 ms | Drop: 66824
[INFO] Waktu: 53.4s | Jarak: 533 m | RSSI: -60.8787 dBm | Tput: 1061.02 Mbps | Delay: 146.764 ms | Jitter: 0.015915 ms | Drop: 66865
[INFO] Waktu: 53.6s | Jarak: 535 m | RSSI: -60.9112 dBm | Tput: 1061.67 Mbps | Delay: 146.614 ms | Jitter: 0.0158996 ms | Drop: 66908
[INFO] Waktu: 53.8s | Jarak: 537 m | RSSI: -60.9436 dBm | Tput: 1064.96 Mbps | Delay: 146.675 ms | Jitter: 0.0159291 ms | Drop: 66865
[INFO] Waktu: 54s | Jarak: 539 m | RSSI: -60.9759 dBm | Tput: 1070.14 Mbps | Delay: 145.664 ms | Jitter: 0.0157746 ms | Drop: 66740
[INFO] Waktu: 54.2s | Jarak: 541 m | RSSI: -61.0081 dBm | Tput: 1066.43 Mbps | Delay: 146.341 ms | Jitter: 0.0158776 ms | Drop: 66824
[INFO] Waktu: 54.4s | Jarak: 543 m | RSSI: -61.0401 dBm | Tput: 1068.32 Mbps | Delay: 145.904 ms | Jitter: 0.0157942 ms | Drop: 66781
[INFO] Waktu: 54.6s | Jarak: 545 m | RSSI: -61.072 dBm | Tput: 1070.62 Mbps | Delay: 145.695 ms | Jitter: 0.0157939 ms | Drop: 66741
[INFO] Waktu: 54.8s | Jarak: 547 m | RSSI: -61.1039 dBm | Tput: 1073.44 Mbps | Delay: 145.55 ms | Jitter: 0.0157332 ms | Drop: 66697
[INFO] Waktu: 55s | Jarak: 549 m | RSSI: -61.1356 dBm | Tput: 1061.31 Mbps | Delay: 146.284 ms | Jitter: 0.0158576 ms | Drop: 66865
[INFO] Waktu: 55.2s | Jarak: 551 m | RSSI: -61.1671 dBm | Tput: 1072.44 Mbps | Delay: 145.757 ms | Jitter: 0.0157912 ms | Drop: 66740
[INFO] Waktu: 55.4s | Jarak: 553 m | RSSI: -61.1986 dBm | Tput: 1068.79 Mbps | Delay: 145.819 ms | Jitter: 0.0158066 ms | Drop: 66744
[INFO] Waktu: 55.6s | Jarak: 555 m | RSSI: -61.23 dBm | Tput: 1064.73 Mbps | Delay: 146.55 ms | Jitter: 0.0159074 ms | Drop: 66862
[INFO] Waktu: 55.8s | Jarak: 557 m | RSSI: -61.2612 dBm | Tput: 1069.38 Mbps | Delay: 145.622 ms | Jitter: 0.0158273 ms | Drop: 66781
[INFO] Waktu: 56s | Jarak: 559 m | RSSI: -61.2923 dBm | Tput: 1060.96 Mbps | Delay: 146.231 ms | Jitter: 0.0158464 ms | Drop: 66866
[INFO] Waktu: 56.2s | Jarak: 561 m | RSSI: -61.3234 dBm | Tput: 1063.37 Mbps | Delay: 146.575 ms | Jitter: 0.01599 ms | Drop: 66865
[INFO] Waktu: 56.4s | Jarak: 563 m | RSSI: -61.3543 dBm | Tput: 1068.91 Mbps | Delay: 146.025 ms | Jitter: 0.0158015 ms | Drop: 66782
[INFO] Waktu: 56.6s | Jarak: 565 m | RSSI: -61.3851 dBm | Tput: 1072.68 Mbps | Delay: 145.534 ms | Jitter: 0.0157174 ms | Drop: 66699
[INFO] Waktu: 56.8s | Jarak: 567 m | RSSI: -61.4158 dBm | Tput: 1068.14 Mbps | Delay: 145.757 ms | Jitter: 0.0158672 ms | Drop: 66823
[INFO] Waktu: 57s | Jarak: 569 m | RSSI: -61.4464 dBm | Tput: 1068.5 Mbps | Delay: 145.861 ms | Jitter: 0.0157592 ms | Drop: 66771
[INFO] Waktu: 57.2s | Jarak: 571 m | RSSI: -61.4768 dBm | Tput: 1058.66 Mbps | Delay: 146.256 ms | Jitter: 0.015955 ms | Drop: 66919
[INFO] Waktu: 57.4s | Jarak: 573 m | RSSI: -61.5072 dBm | Tput: 1060.66 Mbps | Delay: 146.726 ms | Jitter: 0.0159768 ms | Drop: 66907
[INFO] Waktu: 57.6s | Jarak: 575 m | RSSI: -61.5375 dBm | Tput: 1068.32 Mbps | Delay: 146.122 ms | Jitter: 0.0159056 ms | Drop: 66802
[INFO] Waktu: 57.8s | Jarak: 577 m | RSSI: -61.5676 dBm | Tput: 1068.32 Mbps | Delay: 145.764 ms | Jitter: 0.0157959 ms | Drop: 66762
[INFO] Waktu: 58s | Jarak: 579 m | RSSI: -61.5977 dBm | Tput: 1065.14 Mbps | Delay: 146.045 ms | Jitter: 0.0158778 ms | Drop: 66865
[INFO] Waktu: 58.2s | Jarak: 581 m | RSSI: -61.6276 dBm | Tput: 1060.08 Mbps | Delay: 146.225 ms | Jitter: 0.0159359 ms | Drop: 66908
[INFO] Waktu: 58.4s | Jarak: 583 m | RSSI: -61.6575 dBm | Tput: 1065.26 Mbps | Delay: 146.643 ms | Jitter: 0.0159425 ms | Drop: 66823
[INFO] Waktu: 58.6s | Jarak: 585 m | RSSI: -61.6872 dBm | Tput: 1063.02 Mbps | Delay: 145.627 ms | Jitter: 0.015845 ms | Drop: 66866
[INFO] Waktu: 58.8s | Jarak: 587 m | RSSI: -61.7169 dBm | Tput: 1065.85 Mbps | Delay: 146.449 ms | Jitter: 0.0139689 ms | Drop: 66866
[INFO] Waktu: 59s | Jarak: 589 m | RSSI: -61.7464 dBm | Tput: 1061.67 Mbps | Delay: 146.411 ms | Jitter: 0.0141873 ms | Drop: 66865
[INFO] Waktu: 59.2s | Jarak: 591 m | RSSI: -61.7759 dBm | Tput: 1072.44 Mbps | Delay: 145.342 ms | Jitter: 0.0156647 ms | Drop: 66740
[INFO] Waktu: 59.4s | Jarak: 593 m | RSSI: -62.0455 dBm | Tput: 1060.66 Mbps | Delay: 146.195 ms | Jitter: 0.0148473 ms | Drop: 66908
[INFO] Waktu: 59.6s | Jarak: 595 m | RSSI: -62.5179 dBm | Tput: 1058.49 Mbps | Delay: 146.443 ms | Jitter: 0.0124138 ms | Drop: 66917
[INFO] Waktu: 59.8s | Jarak: 597 m | RSSI: -62.9886 dBm | Tput: 1069.44 Mbps | Delay: 145.953 ms | Jitter: 0.014791 ms | Drop: 66790
[INFO] Waktu: 60s | Jarak: 599 m | RSSI: -63.4577 dBm | Tput: 1058.43 Mbps | Delay: 146.121 ms | Jitter: 0.0162116 ms | Drop: 66917
[INFO] Waktu: 60.2s | Jarak: 601 m | RSSI: -63.9253 dBm | Tput: 1026.16 Mbps | Delay: 149.174 ms | Jitter: 0.0160671 ms | Drop: 67523
[INFO] Waktu: 60.4s | Jarak: 603 m | RSSI: -64.3914 dBm | Tput: 1027.4 Mbps | Delay: 150.105 ms | Jitter: 0.0167482 ms | Drop: 67483
[INFO] Waktu: 60.6s | Jarak: 605 m | RSSI: -64.8559 dBm | Tput: 962.511 Mbps | Delay: 155.371 ms | Jitter: 0.0170403 ms | Drop: 68580
[INFO] Waktu: 60.8s | Jarak: 607 m | RSSI: -65.3188 dBm | Tput: 962.335 Mbps | Delay: 157.501 ms | Jitter: 0.0155652 ms | Drop: 68558
[INFO] Waktu: 61s | Jarak: 609 m | RSSI: -65.7803 dBm | Tput: 969.695 Mbps | Delay: 156.964 ms | Jitter: 0.018048 ms | Drop: 68490
[INFO] Waktu: 61.2s | Jarak: 611 m | RSSI: -66.2402 dBm | Tput: 817.137 Mbps | Delay: 171.048 ms | Jitter: 0.0204173 ms | Drop: 71023
[INFO] Waktu: 61.4s | Jarak: 613 m | RSSI: -66.6986 dBm | Tput: 813.604 Mbps | Delay: 180.063 ms | Jitter: 0.0224357 ms | Drop: 71108
[INFO] Waktu: 61.6s | Jarak: 615 m | RSSI: -67.1555 dBm | Tput: 809.541 Mbps | Delay: 180.45 ms | Jitter: 0.0224799 ms | Drop: 71191
[INFO] Waktu: 61.8s | Jarak: 617 m | RSSI: -67.611 dBm | Tput: 809.188 Mbps | Delay: 180.599 ms | Jitter: 0.0225271 ms | Drop: 71150
[INFO] Waktu: 62s | Jarak: 619 m | RSSI: -68.065 dBm | Tput: 813.604 Mbps | Delay: 179.947 ms | Jitter: 0.0224514 ms | Drop: 71108
[INFO] Waktu: 62.2s | Jarak: 621 m | RSSI: -68.5175 dBm | Tput: 812.78 Mbps | Delay: 180.011 ms | Jitter: 0.0224578 ms | Drop: 71150
[INFO] Waktu: 62.4s | Jarak: 623 m | RSSI: -68.9685 dBm | Tput: 807.009 Mbps | Delay: 180.731 ms | Jitter: 0.0225305 ms | Drop: 71212
[INFO] Waktu: 62.6s | Jarak: 625 m | RSSI: -69.4181 dBm | Tput: 813.545 Mbps | Delay: 180.284 ms | Jitter: 0.0225375 ms | Drop: 71130
[INFO] Waktu: 62.8s | Jarak: 627 m | RSSI: -69.8663 dBm | Tput: 813.427 Mbps | Delay: 180.106 ms | Jitter: 0.0224298 ms | Drop: 71097
[INFO] Waktu: 63s | Jarak: 629 m | RSSI: -70.313 dBm | Tput: 811.013 Mbps | Delay: 178.908 ms | Jitter: 0.0224841 ms | Drop: 71107
[INFO] Waktu: 63.2s | Jarak: 631 m | RSSI: -70.7629 dBm | Tput: 671.88 Mbps | Delay: 196.631 ms | Jitter: 0.0253494 ms | Drop: 73536
[INFO] Waktu: 63.4s | Jarak: 633 m | RSSI: -71.2023 dBm | Tput: 630.369 Mbps | Delay: 216.057 ms | Jitter: 0.0296847 ms | Drop: 74218
[INFO] Waktu: 63.6s | Jarak: 635 m | RSSI: -71.6493 dBm | Tput: 2.29632 Mbps | Delay: 219.922 ms | Jitter: 0.0223129 ms | Drop: 84925
[INFO] Waktu: 63.8s | Jarak: 637 m | RSSI: -72.0905 dBm | Tput: 0 Mbps | Delay: 0 ms | Jitter: 0 ms | Drop: 84926
[INFO] Waktu: 64s | Jarak: 639 m | RSSI: -72.5302 dBm | Tput: 0 Mbps | Delay: 0 ms | Jitter: 0 ms | Drop: 84425
[INFO] Waktu: 64.2s | Jarak: 641 m | RSSI: -72.9686 dBm | Tput: 0 Mbps | Delay: 0 ms | Jitter: 0 ms | Drop: 84927
[INFO] Waktu: 64.4s | Jarak: 643 m | RSSI: -73.4056 dBm | Tput: 0 Mbps | Delay: 0 ms | Jitter: 0 ms | Drop: 85161
[INFO] Waktu: 64.6s | Jarak: 645 m | RSSI: -73.8412 dBm | Tput: 0 Mbps | Delay: 0 ms | Jitter: 0 ms | Drop: 84190
[INFO] Waktu: 64.8s | Jarak: 647 m | RSSI: -74.2755 dBm | Tput: 0 Mbps | Delay: 0 ms | Jitter: 0 ms | Drop: 84926
[INFO] Waktu: 65s | Jarak: 649 m | RSSI: -74.7085 dBm | Tput: 0 Mbps | Delay: 0 ms | Jitter: 0 ms | Drop: 84425
[INFO] Waktu: 65.2s | Jarak: 651 m | RSSI: -75.1401 dBm | Tput: 0 Mbps | Delay: 0 ms | Jitter: 0 ms | Drop: 84926
[INFO] Waktu: 65.4s | Jarak: 653 m | RSSI: -75.5704 dBm | Tput: 0 Mbps | Delay: 0 ms | Jitter: 0 ms | Drop: 84926
[INFO] Waktu: 65.6s | Jarak: 655 m | RSSI: -75.9994 dBm | Tput: 0 Mbps | Delay: 0 ms | Jitter: 0 ms | Drop: 84426
[INFO] Waktu: 65.8s | Jarak: 657 m | RSSI: -76.427 dBm | Tput: 0 Mbps | Delay: 0 ms | Jitter: 0 ms | Drop: 84925
[INFO] Waktu: 66s | Jarak: 659 m | RSSI: -76.8534 dBm | Tput: 0 Mbps | Delay: 0 ms | Jitter: 0 ms | Drop: 84426
[INFO] Waktu: 66.2s | Jarak: 661 m | RSSI: -77.2785 dBm | Tput: 0 Mbps | Delay: 0 ms | Jitter: 0 ms | Drop: 84925
[INFO] Waktu: 66.4s | Jarak: 663 m | RSSI: -77.7023 dBm | Tput: 0 Mbps | Delay: 0 ms | Jitter: 0 ms | Drop: 84926
[INFO] Waktu: 66.6s | Jarak: 665 m | RSSI: -78.1248 dBm | Tput: 0 Mbps | Delay: 0 ms | Jitter: 0 ms | Drop: 84426
[INFO] Waktu: 66.8s | Jarak: 667 m | RSSI: -78.5461 dBm | Tput: 0 Mbps | Delay: 0 ms | Jitter: 0 ms | Drop: 84926
[INFO] Waktu: 67s | Jarak: 669 m | RSSI: -78.9661 dBm | Tput: 0 Mbps | Delay: 0 ms | Jitter: 0 ms | Drop: 84425
[INFO] Waktu: 67.2s | Jarak: 671 m | RSSI: -79.3848 dBm | Tput: 0 Mbps | Delay: 0 ms | Jitter: 0 ms | Drop: 84926
[INFO] Waktu: 67.4s | Jarak: 673 m | RSSI: -79.8023 dBm | Tput: 0 Mbps | Delay: 0 ms | Jitter: 0 ms | Drop: 84925
[INFO] Waktu: 67.6s | Jarak: 675 m | RSSI: -80.2185 dBm | Tput: 0 Mbps | Delay: 0 ms | Jitter: 0 ms | Drop: 84427
[INFO] Waktu: 67.8s | Jarak: 677 m | RSSI: -80.6336 dBm | Tput: 0 Mbps | Delay: 0 ms | Jitter: 0 ms | Drop: 84924
[INFO] Waktu: 68s | Jarak: 679 m | RSSI: -81.0474 dBm | Tput: 0 Mbps | Delay: 0 ms | Jitter: 0 ms | Drop: 84427
[INFO] Waktu: 68.2s | Jarak: 681 m | RSSI: -81.4599 dBm | Tput: 0 Mbps | Delay: 0 ms | Jitter: 0 ms | Drop: 84925
[INFO] Waktu: 68.4s | Jarak: 683 m | RSSI: -81.8713 dBm | Tput: 0 Mbps | Delay: 0 ms | Jitter: 0 ms | Drop: 84926
[INFO] Waktu: 68.6s | Jarak: 685 m | RSSI: -81.8713 dBm | Tput: 0 Mbps | Delay: 0 ms | Jitter: 0 ms | Drop: 84426
[INFO] Waktu: 68.8s | Jarak: 687 m | RSSI: -81.8713 dBm | Tput: 0 Mbps | Delay: 0 ms | Jitter: 0 ms | Drop: 84926
[INFO] Waktu: 69s | Jarak: 689 m | RSSI: -81.8713 dBm | Tput: 0 Mbps | Delay: 0 ms | Jitter: 0 ms | Drop: 84424
[INFO] Waktu: 69.2s | Jarak: 691 m | RSSI: -81.8713 dBm | Tput: 0 Mbps | Delay: 0 ms | Jitter: 0 ms | Drop: 84927
[INFO] Waktu: 69.4s | Jarak: 693 m | RSSI: -81.8713 dBm | Tput: 0 Mbps | Delay: 0 ms | Jitter: 0 ms | Drop: 84925
[INFO] Waktu: 69.6s | Jarak: 695 m | RSSI: -81.8713 dBm | Tput: 0 Mbps | Delay: 0 ms | Jitter: 0 ms | Drop: 84426
[INFO] Waktu: 69.8s | Jarak: 697 m | RSSI: -81.8713 dBm | Tput: 0 Mbps | Delay: 0 ms | Jitter: 0 ms | Drop: 84926
[INFO] Waktu: 70s | Jarak: 699 m | RSSI: -81.8713 dBm | Tput: 0 Mbps | Delay: 0 ms | Jitter: 0 ms | Drop: 84425
[INFO] Waktu: 70.2s | Jarak: 701 m | RSSI: -81.8713 dBm | Tput: 0 Mbps | Delay: 0 ms | Jitter: 0 ms | Drop: 84927
[INFO] Waktu: 70.4s | Jarak: 703 m | RSSI: -81.8713 dBm | Tput: 0 Mbps | Delay: 0 ms | Jitter: 0 ms | Drop: 84925
[INFO] Waktu: 70.6s | Jarak: 705 m | RSSI: -81.8713 dBm | Tput: 0 Mbps | Delay: 0 ms | Jitter: 0 ms | Drop: 84426
[INFO] Waktu: 70.8s | Jarak: 707 m | RSSI: -81.8713 dBm | Tput: 0 Mbps | Delay: 0 ms | Jitter: 0 ms | Drop: 84926
[INFO] Waktu: 71s | Jarak: 709 m | RSSI: -81.8713 dBm | Tput: 0 Mbps | Delay: 0 ms | Jitter: 0 ms | Drop: 84425
[INFO] Waktu: 71.2s | Jarak: 711 m | RSSI: -81.8713 dBm | Tput: 0 Mbps | Delay: 0 ms | Jitter: 0 ms | Drop: 84925
[INFO] Waktu: 71.4s | Jarak: 713 m | RSSI: -81.8713 dBm | Tput: 0 Mbps | Delay: 0 ms | Jitter: 0 ms | Drop: 84926
[INFO] Waktu: 71.6s | Jarak: 715 m | RSSI: -81.8713 dBm | Tput: 0 Mbps | Delay: 0 ms | Jitter: 0 ms | Drop: 84426
[INFO] Waktu: 71.8s | Jarak: 717 m | RSSI: -81.8713 dBm | Tput: 0 Mbps | Delay: 0 ms | Jitter: 0 ms | Drop: 84926
[INFO] Waktu: 72s | Jarak: 719 m | RSSI: -81.8713 dBm | Tput: 0 Mbps | Delay: 0 ms | Jitter: 0 ms | Drop: 84425
[INFO] Waktu: 72.2s | Jarak: 721 m | RSSI: -81.8713 dBm | Tput: 0 Mbps | Delay: 0 ms | Jitter: 0 ms | Drop: 84926
[INFO] Waktu: 72.4s | Jarak: 723 m | RSSI: -81.8713 dBm | Tput: 0 Mbps | Delay: 0 ms | Jitter: 0 ms | Drop: 84926
[INFO] Waktu: 72.6s | Jarak: 725 m | RSSI: -81.8713 dBm | Tput: 0 Mbps | Delay: 0 ms | Jitter: 0 ms | Drop: 84426
[INFO] Waktu: 72.8s | Jarak: 727 m | RSSI: -81.8713 dBm | Tput: 0 Mbps | Delay: 0 ms | Jitter: 0 ms | Drop: 84925
[INFO] Waktu: 73s | Jarak: 729 m | RSSI: -81.8713 dBm | Tput: 0 Mbps | Delay: 0 ms | Jitter: 0 ms | Drop: 84426
[INFO] Waktu: 73.2s | Jarak: 731 m | RSSI: -81.8713 dBm | Tput: 0 Mbps | Delay: 0 ms | Jitter: 0 ms | Drop: 84926
[INFO] Waktu: 73.4s | Jarak: 733 m | RSSI: -81.8713 dBm | Tput: 0 Mbps | Delay: 0 ms | Jitter: 0 ms | Drop: 87528
[INFO] Waktu: 73.6s | Jarak: 735 m | RSSI: -81.8713 dBm | Tput: 0 Mbps | Delay: 0 ms | Jitter: 0 ms | Drop: 84426
[INFO] Waktu: 73.8s | Jarak: 737 m | RSSI: -81.8713 dBm | Tput: 0 Mbps | Delay: 0 ms | Jitter: 0 ms | Drop: 84926
[INFO] Waktu: 74s | Jarak: 739 m | RSSI: -81.8713 dBm | Tput: 0 Mbps | Delay: 0 ms | Jitter: 0 ms | Drop: 84858
[INFO] Waktu: 74.2s | Jarak: 741 m | RSSI: -81.8713 dBm | Tput: 0 Mbps | Delay: 0 ms | Jitter: 0 ms | Drop: 84925
[INFO] Waktu: 74.4s | Jarak: 743 m | RSSI: -81.8713 dBm | Tput: 0 Mbps | Delay: 0 ms | Jitter: 0 ms | Drop: 85350
[INFO] Waktu: 74.6s | Jarak: 745 m | RSSI: -81.8713 dBm | Tput: 0 Mbps | Delay: 0 ms | Jitter: 0 ms | Drop: 84439
[INFO] Waktu: 74.8s | Jarak: 747 m | RSSI: -81.8713 dBm | Tput: 0 Mbps | Delay: 0 ms | Jitter: 0 ms | Drop: 84926
[INFO] Waktu: 75s | Jarak: 749 m | RSSI: -81.8713 dBm | Tput: 0 Mbps | Delay: 0 ms | Jitter: 0 ms | Drop: 84912
[INFO] Waktu: 75.2s | Jarak: 751 m | RSSI: -81.8713 dBm | Tput: 0 Mbps | Delay: 0 ms | Jitter: 0 ms | Drop: 84926
[INFO] Waktu: 75.4s | Jarak: 753 m | RSSI: -81.8713 dBm | Tput: 0 Mbps | Delay: 0 ms | Jitter: 0 ms | Drop: 84925
[INFO] Waktu: 75.6s | Jarak: 755 m | RSSI: -81.8713 dBm | Tput: 0 Mbps | Delay: 0 ms | Jitter: 0 ms | Drop: 84926
[INFO] Waktu: 75.8s | Jarak: 757 m | RSSI: -81.8713 dBm | Tput: 0 Mbps | Delay: 0 ms | Jitter: 0 ms | Drop: 84925
[INFO] Waktu: 76s | Jarak: 759 m | RSSI: -81.8713 dBm | Tput: 0 Mbps | Delay: 0 ms | Jitter: 0 ms | Drop: 84926
[INFO] Waktu: 76.2s | Jarak: 761 m | RSSI: -81.8713 dBm | Tput: 0 Mbps | Delay: 0 ms | Jitter: 0 ms | Drop: 84926
[INFO] Waktu: 76.4s | Jarak: 763 m | RSSI: -81.8713 dBm | Tput: 0 Mbps | Delay: 0 ms | Jitter: 0 ms | Drop: 84925
[INFO] Waktu: 76.6s | Jarak: 765 m | RSSI: -81.8713 dBm | Tput: 0 Mbps | Delay: 0 ms | Jitter: 0 ms | Drop: 84926
[INFO] Waktu: 76.8s | Jarak: 767 m | RSSI: -81.8713 dBm | Tput: 0 Mbps | Delay: 0 ms | Jitter: 0 ms | Drop: 84926
[INFO] Waktu: 77s | Jarak: 769 m | RSSI: -81.8713 dBm | Tput: 0 Mbps | Delay: 0 ms | Jitter: 0 ms | Drop: 84926
[INFO] Waktu: 77.2s | Jarak: 771 m | RSSI: -81.8713 dBm | Tput: 0 Mbps | Delay: 0 ms | Jitter: 0 ms | Drop: 84926
[INFO] Waktu: 77.4s | Jarak: 773 m | RSSI: -81.8713 dBm | Tput: 0 Mbps | Delay: 0 ms | Jitter: 0 ms | Drop: 84925
[INFO] Waktu: 77.6s | Jarak: 775 m | RSSI: -81.8713 dBm | Tput: 0 Mbps | Delay: 0 ms | Jitter: 0 ms | Drop: 84926
[INFO] Waktu: 77.8s | Jarak: 777 m | RSSI: -81.8713 dBm | Tput: 0 Mbps | Delay: 0 ms | Jitter: 0 ms | Drop: 84925
[INFO] Waktu: 78s | Jarak: 779 m | RSSI: -81.8713 dBm | Tput: 0 Mbps | Delay: 0 ms | Jitter: 0 ms | Drop: 84926
[INFO] Waktu: 78.2s | Jarak: 781 m | RSSI: -81.8713 dBm | Tput: 0 Mbps | Delay: 0 ms | Jitter: 0 ms | Drop: 84926
[INFO] Waktu: 78.4s | Jarak: 783 m | RSSI: -81.8713 dBm | Tput: 0 Mbps | Delay: 0 ms | Jitter: 0 ms | Drop: 84925
[INFO] Waktu: 78.6s | Jarak: 785 m | RSSI: -81.8713 dBm | Tput: 0 Mbps | Delay: 0 ms | Jitter: 0 ms | Drop: 84926
[INFO] Waktu: 78.8s | Jarak: 787 m | RSSI: -81.8713 dBm | Tput: 0 Mbps | Delay: 0 ms | Jitter: 0 ms | Drop: 84926
[INFO] Waktu: 79s | Jarak: 789 m | RSSI: -81.8713 dBm | Tput: 0 Mbps | Delay: 0 ms | Jitter: 0 ms | Drop: 84926
[INFO] Waktu: 79.2s | Jarak: 791 m | RSSI: -81.8713 dBm | Tput: 0 Mbps | Delay: 0 ms | Jitter: 0 ms | Drop: 84925
[INFO] Waktu: 79.4s | Jarak: 793 m | RSSI: -81.8713 dBm | Tput: 0 Mbps | Delay: 0 ms | Jitter: 0 ms | Drop: 84926
[INFO] Waktu: 79.6s | Jarak: 795 m | RSSI: -81.8713 dBm | Tput: 0 Mbps | Delay: 0 ms | Jitter: 0 ms | Drop: 84926
[INFO] Waktu: 79.8s | Jarak: 797 m | RSSI: -81.8713 dBm | Tput: 0 Mbps | Delay: 0 ms | Jitter: 0 ms | Drop: 84925
[INFO] Waktu: 80s | Jarak: 799 m | RSSI: -81.8713 dBm | Tput: 0 Mbps | Delay: 0 ms | Jitter: 0 ms | Drop: 84926
[INFO] Waktu: 80.2s | Jarak: 801 m | RSSI: -81.8713 dBm | Tput: 0 Mbps | Delay: 0 ms | Jitter: 0 ms | Drop: 84925
[INFO] Waktu: 80.4s | Jarak: 803 m | RSSI: -81.8713 dBm | Tput: 0 Mbps | Delay: 0 ms | Jitter: 0 ms | Drop: 84927
[INFO] Waktu: 80.6s | Jarak: 805 m | RSSI: -81.8713 dBm | Tput: 0 Mbps | Delay: 0 ms | Jitter: 0 ms | Drop: 84925
[INFO] Waktu: 80.8s | Jarak: 807 m | RSSI: -81.8713 dBm | Tput: 0 Mbps | Delay: 0 ms | Jitter: 0 ms | Drop: 84925
[INFO] Waktu: 81s | Jarak: 809 m | RSSI: -81.8713 dBm | Tput: 0 Mbps | Delay: 0 ms | Jitter: 0 ms | Drop: 84927
[INFO] Waktu: 81.2s | Jarak: 811 m | RSSI: -81.8713 dBm | Tput: 0 Mbps | Delay: 0 ms | Jitter: 0 ms | Drop: 84925
[INFO] Waktu: 81.4s | Jarak: 813 m | RSSI: -81.8713 dBm | Tput: 0 Mbps | Delay: 0 ms | Jitter: 0 ms | Drop: 84925
[INFO] Waktu: 81.6s | Jarak: 815 m | RSSI: -81.8713 dBm | Tput: 0 Mbps | Delay: 0 ms | Jitter: 0 ms | Drop: 84927
[INFO] Waktu: 81.8s | Jarak: 817 m | RSSI: -81.8713 dBm | Tput: 0 Mbps | Delay: 0 ms | Jitter: 0 ms | Drop: 84925
[INFO] Waktu: 82s | Jarak: 819 m | RSSI: -81.8713 dBm | Tput: 0 Mbps | Delay: 0 ms | Jitter: 0 ms | Drop: 84926
[INFO] Waktu: 82.2s | Jarak: 821 m | RSSI: -81.8713 dBm | Tput: 0 Mbps | Delay: 0 ms | Jitter: 0 ms | Drop: 84926
[INFO] Waktu: 82.4s | Jarak: 823 m | RSSI: -81.8713 dBm | Tput: 0 Mbps | Delay: 0 ms | Jitter: 0 ms | Drop: 84926
[INFO] Waktu: 82.6s | Jarak: 825 m | RSSI: -81.8713 dBm | Tput: 0 Mbps | Delay: 0 ms | Jitter: 0 ms | Drop: 84925
[INFO] Waktu: 82.8s | Jarak: 827 m | RSSI: -81.8713 dBm | Tput: 0 Mbps | Delay: 0 ms | Jitter: 0 ms | Drop: 84925
[INFO] Waktu: 83s | Jarak: 829 m | RSSI: -81.8713 dBm | Tput: 0 Mbps | Delay: 0 ms | Jitter: 0 ms | Drop: 84927
[INFO] Waktu: 83.2s | Jarak: 831 m | RSSI: -81.8713 dBm | Tput: 0 Mbps | Delay: 0 ms | Jitter: 0 ms | Drop: 84925
[INFO] Waktu: 83.4s | Jarak: 833 m | RSSI: -81.8713 dBm | Tput: 0 Mbps | Delay: 0 ms | Jitter: 0 ms | Drop: 84925
[INFO] Waktu: 83.6s | Jarak: 835 m | RSSI: -81.8713 dBm | Tput: 0 Mbps | Delay: 0 ms | Jitter: 0 ms | Drop: 84926
[INFO] Waktu: 83.8s | Jarak: 837 m | RSSI: -81.8713 dBm | Tput: 0 Mbps | Delay: 0 ms | Jitter: 0 ms | Drop: 84926
[INFO] Waktu: 84s | Jarak: 839 m | RSSI: -81.8713 dBm | Tput: 0 Mbps | Delay: 0 ms | Jitter: 0 ms | Drop: 84984
[INFO] Waktu: 84.2s | Jarak: 841 m | RSSI: -81.8713 dBm | Tput: 0 Mbps | Delay: 0 ms | Jitter: 0 ms | Drop: 84868
[INFO] Waktu: 84.4s | Jarak: 843 m | RSSI: -81.8713 dBm | Tput: 0 Mbps | Delay: 0 ms | Jitter: 0 ms | Drop: 84925
[INFO] Waktu: 84.6s | Jarak: 845 m | RSSI: -81.8713 dBm | Tput: 0 Mbps | Delay: 0 ms | Jitter: 0 ms | Drop: 84926
[INFO] Waktu: 84.8s | Jarak: 847 m | RSSI: -81.8713 dBm | Tput: 0 Mbps | Delay: 0 ms | Jitter: 0 ms | Drop: 84926
[INFO] Waktu: 85s | Jarak: 849 m | RSSI: -81.8713 dBm | Tput: 0 Mbps | Delay: 0 ms | Jitter: 0 ms | Drop: 86310
[INFO] Waktu: 85.2s | Jarak: 851 m | RSSI: -81.8713 dBm | Tput: 0 Mbps | Delay: 0 ms | Jitter: 0 ms | Drop: 83540
[INFO] Waktu: 85.4s | Jarak: 853 m | RSSI: -81.8713 dBm | Tput: 0 Mbps | Delay: 0 ms | Jitter: 0 ms | Drop: 84927
[INFO] Waktu: 85.6s | Jarak: 855 m | RSSI: -81.8713 dBm | Tput: 0 Mbps | Delay: 0 ms | Jitter: 0 ms | Drop: 84925
[INFO] Waktu: 85.8s | Jarak: 857 m | RSSI: -81.8713 dBm | Tput: 0 Mbps | Delay: 0 ms | Jitter: 0 ms | Drop: 84926
[INFO] Waktu: 86s | Jarak: 859 m | RSSI: -81.8713 dBm | Tput: 0 Mbps | Delay: 0 ms | Jitter: 0 ms | Drop: 85425
[INFO] Waktu: 86.2s | Jarak: 861 m | RSSI: -81.8713 dBm | Tput: 0 Mbps | Delay: 0 ms | Jitter: 0 ms | Drop: 84427
[INFO] Waktu: 86.4s | Jarak: 863 m | RSSI: -81.8713 dBm | Tput: 0 Mbps | Delay: 0 ms | Jitter: 0 ms | Drop: 84925
[INFO] Waktu: 86.6s | Jarak: 865 m | RSSI: -81.8713 dBm | Tput: 0 Mbps | Delay: 0 ms | Jitter: 0 ms | Drop: 84926
[INFO] Waktu: 86.8s | Jarak: 867 m | RSSI: -81.8713 dBm | Tput: 0 Mbps | Delay: 0 ms | Jitter: 0 ms | Drop: 84925
[INFO] Waktu: 87s | Jarak: 869 m | RSSI: -81.8713 dBm | Tput: 0 Mbps | Delay: 0 ms | Jitter: 0 ms | Drop: 85426
[INFO] Waktu: 87.2s | Jarak: 871 m | RSSI: -81.8713 dBm | Tput: 0 Mbps | Delay: 0 ms | Jitter: 0 ms | Drop: 84426
[INFO] Waktu: 87.4s | Jarak: 873 m | RSSI: -81.8713 dBm | Tput: 0 Mbps | Delay: 0 ms | Jitter: 0 ms | Drop: 84926
[INFO] Waktu: 87.6s | Jarak: 875 m | RSSI: -81.8713 dBm | Tput: 0 Mbps | Delay: 0 ms | Jitter: 0 ms | Drop: 84925
[INFO] Waktu: 87.8s | Jarak: 877 m | RSSI: -81.8713 dBm | Tput: 0 Mbps | Delay: 0 ms | Jitter: 0 ms | Drop: 84926
[INFO] Waktu: 88s | Jarak: 879 m | RSSI: -81.8713 dBm | Tput: 0 Mbps | Delay: 0 ms | Jitter: 0 ms | Drop: 85426
[INFO] Waktu: 88.2s | Jarak: 881 m | RSSI: -81.8713 dBm | Tput: 0 Mbps | Delay: 0 ms | Jitter: 0 ms | Drop: 84425
[INFO] Waktu: 88.4s | Jarak: 883 m | RSSI: -81.8713 dBm | Tput: 0 Mbps | Delay: 0 ms | Jitter: 0 ms | Drop: 84926
[INFO] Waktu: 88.6s | Jarak: 885 m | RSSI: -81.8713 dBm | Tput: 0 Mbps | Delay: 0 ms | Jitter: 0 ms | Drop: 84925
[INFO] Waktu: 88.8s | Jarak: 887 m | RSSI: -81.8713 dBm | Tput: 0 Mbps | Delay: 0 ms | Jitter: 0 ms | Drop: 84927
[INFO] Waktu: 89s | Jarak: 889 m | RSSI: -81.8713 dBm | Tput: 0 Mbps | Delay: 0 ms | Jitter: 0 ms | Drop: 85425
[INFO] Waktu: 89.2s | Jarak: 891 m | RSSI: -81.8713 dBm | Tput: 0 Mbps | Delay: 0 ms | Jitter: 0 ms | Drop: 84425
[INFO] Waktu: 89.4s | Jarak: 893 m | RSSI: -81.8713 dBm | Tput: 0 Mbps | Delay: 0 ms | Jitter: 0 ms | Drop: 84926
[INFO] Waktu: 89.6s | Jarak: 895 m | RSSI: -81.8713 dBm | Tput: 0 Mbps | Delay: 0 ms | Jitter: 0 ms | Drop: 84926
[INFO] Waktu: 89.8s | Jarak: 897 m | RSSI: -81.8713 dBm | Tput: 0 Mbps | Delay: 0 ms | Jitter: 0 ms | Drop: 84926
[INFO] Waktu: 90s | Jarak: 899 m | RSSI: -81.8713 dBm | Tput: 0 Mbps | Delay: 0 ms | Jitter: 0 ms | Drop: 85425
[INFO] Waktu: 90.2s | Jarak: 901 m | RSSI: -81.8713 dBm | Tput: 0 Mbps | Delay: 0 ms | Jitter: 0 ms | Drop: 84426
[INFO] Waktu: 90.4s | Jarak: 903 m | RSSI: -81.8713 dBm | Tput: 0 Mbps | Delay: 0 ms | Jitter: 0 ms | Drop: 84925
[INFO] Waktu: 90.6s | Jarak: 905 m | RSSI: -81.8713 dBm | Tput: 0 Mbps | Delay: 0 ms | Jitter: 0 ms | Drop: 84927
[INFO] Waktu: 90.8s | Jarak: 907 m | RSSI: -81.8713 dBm | Tput: 0 Mbps | Delay: 0 ms | Jitter: 0 ms | Drop: 84925
[INFO] Waktu: 91s | Jarak: 909 m | RSSI: -81.8713 dBm | Tput: 0 Mbps | Delay: 0 ms | Jitter: 0 ms | Drop: 85388
[INFO] Waktu: 91.2s | Jarak: 911 m | RSSI: -81.8713 dBm | Tput: 0 Mbps | Delay: 0 ms | Jitter: 0 ms | Drop: 84426
[INFO] Waktu: 91.4s | Jarak: 913 m | RSSI: -81.8713 dBm | Tput: 0 Mbps | Delay: 0 ms | Jitter: 0 ms | Drop: 84926
[INFO] Waktu: 91.6s | Jarak: 915 m | RSSI: -81.8713 dBm | Tput: 0 Mbps | Delay: 0 ms | Jitter: 0 ms | Drop: 84885
[INFO] Waktu: 91.8s | Jarak: 917 m | RSSI: -81.8713 dBm | Tput: 0 Mbps | Delay: 0 ms | Jitter: 0 ms | Drop: 84925
[INFO] Waktu: 92s | Jarak: 919 m | RSSI: -81.8713 dBm | Tput: 0 Mbps | Delay: 0 ms | Jitter: 0 ms | Drop: 85376
[INFO] Waktu: 92.2s | Jarak: 921 m | RSSI: -81.8713 dBm | Tput: 0 Mbps | Delay: 0 ms | Jitter: 0 ms | Drop: 84426
[INFO] Waktu: 92.4s | Jarak: 923 m | RSSI: -81.8713 dBm | Tput: 0 Mbps | Delay: 0 ms | Jitter: 0 ms | Drop: 84926
[INFO] Waktu: 92.6s | Jarak: 925 m | RSSI: -81.8713 dBm | Tput: 0 Mbps | Delay: 0 ms | Jitter: 0 ms | Drop: 84884
[INFO] Waktu: 92.8s | Jarak: 927 m | RSSI: -81.8713 dBm | Tput: 0 Mbps | Delay: 0 ms | Jitter: 0 ms | Drop: 84926
[INFO] Waktu: 93s | Jarak: 929 m | RSSI: -81.8713 dBm | Tput: 0 Mbps | Delay: 0 ms | Jitter: 0 ms | Drop: 85372
[INFO] Waktu: 93.2s | Jarak: 931 m | RSSI: -81.8713 dBm | Tput: 0 Mbps | Delay: 0 ms | Jitter: 0 ms | Drop: 84426
[INFO] Waktu: 93.4s | Jarak: 933 m | RSSI: -81.8713 dBm | Tput: 0 Mbps | Delay: 0 ms | Jitter: 0 ms | Drop: 84925
[INFO] Waktu: 93.6s | Jarak: 935 m | RSSI: -81.8713 dBm | Tput: 0 Mbps | Delay: 0 ms | Jitter: 0 ms | Drop: 84867
[INFO] Waktu: 93.8s | Jarak: 937 m | RSSI: -81.8713 dBm | Tput: 0 Mbps | Delay: 0 ms | Jitter: 0 ms | Drop: 84927
[INFO] Waktu: 94s | Jarak: 939 m | RSSI: -81.8713 dBm | Tput: 0 Mbps | Delay: 0 ms | Jitter: 0 ms | Drop: 85316
[INFO] Waktu: 94.2s | Jarak: 941 m | RSSI: -81.8713 dBm | Tput: 0 Mbps | Delay: 0 ms | Jitter: 0 ms | Drop: 84483
[INFO] Waktu: 94.4s | Jarak: 943 m | RSSI: -81.8713 dBm | Tput: 0 Mbps | Delay: 0 ms | Jitter: 0 ms | Drop: 84926
[INFO] Waktu: 94.6s | Jarak: 945 m | RSSI: -81.8713 dBm | Tput: 0 Mbps | Delay: 0 ms | Jitter: 0 ms | Drop: 84863
[INFO] Waktu: 94.8s | Jarak: 947 m | RSSI: -81.8713 dBm | Tput: 0 Mbps | Delay: 0 ms | Jitter: 0 ms | Drop: 84925
[INFO] Waktu: 95s | Jarak: 949 m | RSSI: -81.8713 dBm | Tput: 0 Mbps | Delay: 0 ms | Jitter: 0 ms | Drop: 85321
[INFO] Waktu: 95.2s | Jarak: 951 m | RSSI: -81.8713 dBm | Tput: 0 Mbps | Delay: 0 ms | Jitter: 0 ms | Drop: 84491
[INFO] Waktu: 95.4s | Jarak: 953 m | RSSI: -81.8713 dBm | Tput: 0 Mbps | Delay: 0 ms | Jitter: 0 ms | Drop: 84926
[INFO] Waktu: 95.6s | Jarak: 955 m | RSSI: -81.8713 dBm | Tput: 0 Mbps | Delay: 0 ms | Jitter: 0 ms | Drop: 84885
[INFO] Waktu: 95.8s | Jarak: 957 m | RSSI: -81.8713 dBm | Tput: 0 Mbps | Delay: 0 ms | Jitter: 0 ms | Drop: 84927
[INFO] Waktu: 96s | Jarak: 959 m | RSSI: -81.8713 dBm | Tput: 0 Mbps | Delay: 0 ms | Jitter: 0 ms | Drop: 84925
[INFO] Waktu: 96.2s | Jarak: 961 m | RSSI: -81.8713 dBm | Tput: 0 Mbps | Delay: 0 ms | Jitter: 0 ms | Drop: 84900
[INFO] Waktu: 96.4s | Jarak: 963 m | RSSI: -81.8713 dBm | Tput: 0 Mbps | Delay: 0 ms | Jitter: 0 ms | Drop: 84926
[INFO] Waktu: 96.6s | Jarak: 965 m | RSSI: -81.8713 dBm | Tput: 0 Mbps | Delay: 0 ms | Jitter: 0 ms | Drop: 84928
[INFO] Waktu: 96.8s | Jarak: 967 m | RSSI: -81.8713 dBm | Tput: 0 Mbps | Delay: 0 ms | Jitter: 0 ms | Drop: 84924
[INFO] Waktu: 97s | Jarak: 969 m | RSSI: -81.8713 dBm | Tput: 0 Mbps | Delay: 0 ms | Jitter: 0 ms | Drop: 84926
[INFO] Waktu: 97.2s | Jarak: 971 m | RSSI: -81.8713 dBm | Tput: 0 Mbps | Delay: 0 ms | Jitter: 0 ms | Drop: 84926
[INFO] Waktu: 97.4s | Jarak: 973 m | RSSI: -81.8713 dBm | Tput: 0 Mbps | Delay: 0 ms | Jitter: 0 ms | Drop: 84925
[INFO] Waktu: 97.6s | Jarak: 975 m | RSSI: -81.8713 dBm | Tput: 0 Mbps | Delay: 0 ms | Jitter: 0 ms | Drop: 84926
[INFO] Waktu: 97.8s | Jarak: 977 m | RSSI: -81.8713 dBm | Tput: 0 Mbps | Delay: 0 ms | Jitter: 0 ms | Drop: 84926
[INFO] Waktu: 98s | Jarak: 979 m | RSSI: -81.8713 dBm | Tput: 0 Mbps | Delay: 0 ms | Jitter: 0 ms | Drop: 84925
[INFO] Waktu: 98.2s | Jarak: 981 m | RSSI: -81.8713 dBm | Tput: 0 Mbps | Delay: 0 ms | Jitter: 0 ms | Drop: 84925
[INFO] Waktu: 98.4s | Jarak: 983 m | RSSI: -81.8713 dBm | Tput: 0 Mbps | Delay: 0 ms | Jitter: 0 ms | Drop: 84926
[INFO] Waktu: 98.6s | Jarak: 985 m | RSSI: -81.8713 dBm | Tput: 0 Mbps | Delay: 0 ms | Jitter: 0 ms | Drop: 84926
[INFO] Waktu: 98.8s | Jarak: 987 m | RSSI: -81.8713 dBm | Tput: 0 Mbps | Delay: 0 ms | Jitter: 0 ms | Drop: 84926
[INFO] Waktu: 99s | Jarak: 989 m | RSSI: -81.8713 dBm | Tput: 0 Mbps | Delay: 0 ms | Jitter: 0 ms | Drop: 84925
[INFO] Waktu: 99.2s | Jarak: 991 m | RSSI: -81.8713 dBm | Tput: 0 Mbps | Delay: 0 ms | Jitter: 0 ms | Drop: 84927
[INFO] Waktu: 99.4s | Jarak: 993 m | RSSI: -81.8713 dBm | Tput: 0 Mbps | Delay: 0 ms | Jitter: 0 ms | Drop: 84925
[INFO] Waktu: 99.6s | Jarak: 995 m | RSSI: -81.8713 dBm | Tput: 0 Mbps | Delay: 0 ms | Jitter: 0 ms | Drop: 84926
[INFO] Waktu: 99.8s | Jarak: 997 m | RSSI: -81.8713 dBm | Tput: 0 Mbps | Delay: 0 ms | Jitter: 0 ms | Drop: 84926
[INFO] Waktu: 100s | Jarak: 999 m | RSSI: -81.8713 dBm | Tput: 0 Mbps | Delay: 0 ms | Jitter: 0 ms | Drop: 84925
[INFO] Waktu: 100.2s | Jarak: 1001 m | RSSI: -81.8713 dBm | Tput: 0 Mbps | Delay: 0 ms | Jitter: 0 ms | Drop: 84926
[INFO] Waktu: 100.4s | Jarak: 1003 m | RSSI: -81.8713 dBm | Tput: 0 Mbps | Delay: 0 ms | Jitter: 0 ms | Drop: 84926
[INFO] Waktu: 100.6s | Jarak: 1005 m | RSSI: -81.8713 dBm | Tput: 0 Mbps | Delay: 0 ms | Jitter: 0 ms | Drop: 84925
[INFO] Waktu: 100.8s | Jarak: 1007 m | RSSI: -81.8713 dBm | Tput: 0 Mbps | Delay: 0 ms | Jitter: 0 ms | Drop: 84926
[INFO] Waktu: 101s | Jarak: 1009 m | RSSI: -81.8713 dBm | Tput: 0 Mbps | Delay: 0 ms | Jitter: 0 ms | Drop: 84926
[INFO] Waktu: 101.2s | Jarak: 1011 m | RSSI: -81.8713 dBm | Tput: 0 Mbps | Delay: 0 ms | Jitter: 0 ms | Drop: 84925
[INFO] Waktu: 101.4s | Jarak: 1013 m | RSSI: -81.8713 dBm | Tput: 0 Mbps | Delay: 0 ms | Jitter: 0 ms | Drop: 84926
[INFO] Waktu: 101.6s | Jarak: 1015 m | RSSI: -81.8713 dBm | Tput: 0 Mbps | Delay: 0 ms | Jitter: 0 ms | Drop: 84926
[INFO] Waktu: 101.8s | Jarak: 1017 m | RSSI: -81.8713 dBm | Tput: 0 Mbps | Delay: 0 ms | Jitter: 0 ms | Drop: 84925
[INFO] Waktu: 102s | Jarak: 1019 m | RSSI: -81.8713 dBm | Tput: 0 Mbps | Delay: 0 ms | Jitter: 0 ms | Drop: 84926
[INFO] Waktu: 102.2s | Jarak: 1021 m | RSSI: -81.8713 dBm | Tput: 0 Mbps | Delay: 0 ms | Jitter: 0 ms | Drop: 84925
[INFO] Waktu: 102.4s | Jarak: 1023 m | RSSI: -81.8713 dBm | Tput: 0 Mbps | Delay: 0 ms | Jitter: 0 ms | Drop: 84927
[INFO] Waktu: 102.6s | Jarak: 1025 m | RSSI: -81.8713 dBm | Tput: 0 Mbps | Delay: 0 ms | Jitter: 0 ms | Drop: 84925
[INFO] Waktu: 102.8s | Jarak: 1027 m | RSSI: -81.8713 dBm | Tput: 0 Mbps | Delay: 0 ms | Jitter: 0 ms | Drop: 84926
[INFO] Waktu: 103s | Jarak: 1029 m | RSSI: -81.8713 dBm | Tput: 0 Mbps | Delay: 0 ms | Jitter: 0 ms | Drop: 84925
[INFO] Waktu: 103.2s | Jarak: 1031 m | RSSI: -81.8713 dBm | Tput: 0 Mbps | Delay: 0 ms | Jitter: 0 ms | Drop: 84926
[INFO] Waktu: 103.4s | Jarak: 1033 m | RSSI: -81.8713 dBm | Tput: 0 Mbps | Delay: 0 ms | Jitter: 0 ms | Drop: 84926
[INFO] Waktu: 103.6s | Jarak: 1035 m | RSSI: -81.8713 dBm | Tput: 0 Mbps | Delay: 0 ms | Jitter: 0 ms | Drop: 84926
[INFO] Waktu: 103.8s | Jarak: 1037 m | RSSI: -81.8713 dBm | Tput: 0 Mbps | Delay: 0 ms | Jitter: 0 ms | Drop: 84925
[INFO] Waktu: 104s | Jarak: 1039 m | RSSI: -81.8713 dBm | Tput: 0 Mbps | Delay: 0 ms | Jitter: 0 ms | Drop: 84926
[INFO] Waktu: 104.2s | Jarak: 1041 m | RSSI: -81.8713 dBm | Tput: 0 Mbps | Delay: 0 ms | Jitter: 0 ms | Drop: 84926
[INFO] Waktu: 104.4s | Jarak: 1043 m | RSSI: -81.8713 dBm | Tput: 0 Mbps | Delay: 0 ms | Jitter: 0 ms | Drop: 84925
[INFO] Waktu: 104.6s | Jarak: 1045 m | RSSI: -81.8713 dBm | Tput: 0 Mbps | Delay: 0 ms | Jitter: 0 ms | Drop: 84926
[INFO] Waktu: 104.8s | Jarak: 1047 m | RSSI: -81.8713 dBm | Tput: 0 Mbps | Delay: 0 ms | Jitter: 0 ms | Drop: 84926
[INFO] Waktu: 105s | Jarak: 1049 m | RSSI: -81.8713 dBm | Tput: 0 Mbps | Delay: 0 ms | Jitter: 0 ms | Drop: 84925
[INFO] Waktu: 105.2s | Jarak: 1051 m | RSSI: -81.8713 dBm | Tput: 0 Mbps | Delay: 0 ms | Jitter: 0 ms | Drop: 84926
[INFO] Waktu: 105.4s | Jarak: 1053 m | RSSI: -81.8713 dBm | Tput: 0 Mbps | Delay: 0 ms | Jitter: 0 ms | Drop: 84926
[INFO] Waktu: 105.6s | Jarak: 1055 m | RSSI: -81.8713 dBm | Tput: 0 Mbps | Delay: 0 ms | Jitter: 0 ms | Drop: 84926
[INFO] Waktu: 105.8s | Jarak: 1057 m | RSSI: -81.8713 dBm | Tput: 0 Mbps | Delay: 0 ms | Jitter: 0 ms | Drop: 84925
[INFO] Waktu: 106s | Jarak: 1059 m | RSSI: -81.8713 dBm | Tput: 0 Mbps | Delay: 0 ms | Jitter: 0 ms | Drop: 84926
[INFO] Waktu: 106.2s | Jarak: 1061 m | RSSI: -81.8713 dBm | Tput: 0 Mbps | Delay: 0 ms | Jitter: 0 ms | Drop: 84925
[INFO] Waktu: 106.4s | Jarak: 1063 m | RSSI: -81.8713 dBm | Tput: 0 Mbps | Delay: 0 ms | Jitter: 0 ms | Drop: 84926
[INFO] Waktu: 106.6s | Jarak: 1065 m | RSSI: -81.8713 dBm | Tput: 0 Mbps | Delay: 0 ms | Jitter: 0 ms | Drop: 86613
[INFO] Waktu: 106.8s | Jarak: 1067 m | RSSI: -81.8713 dBm | Tput: 0 Mbps | Delay: 0 ms | Jitter: 0 ms | Drop: 83238
[INFO] Waktu: 107s | Jarak: 1069 m | RSSI: -81.8713 dBm | Tput: 0 Mbps | Delay: 0 ms | Jitter: 0 ms | Drop: 84926
[INFO] Waktu: 107.2s | Jarak: 1071 m | RSSI: -81.8713 dBm | Tput: 0 Mbps | Delay: 0 ms | Jitter: 0 ms | Drop: 84926
[INFO] Waktu: 107.4s | Jarak: 1073 m | RSSI: -81.8713 dBm | Tput: 0 Mbps | Delay: 0 ms | Jitter: 0 ms | Drop: 84926
[INFO] Waktu: 107.6s | Jarak: 1075 m | RSSI: -81.8713 dBm | Tput: 0 Mbps | Delay: 0 ms | Jitter: 0 ms | Drop: 87775
[INFO] Waktu: 107.8s | Jarak: 1077 m | RSSI: -81.8713 dBm | Tput: 0 Mbps | Delay: 0 ms | Jitter: 0 ms | Drop: 82076
[INFO] Waktu: 108s | Jarak: 1079 m | RSSI: -81.8713 dBm | Tput: 0 Mbps | Delay: 0 ms | Jitter: 0 ms | Drop: 84926
[INFO] Waktu: 108.2s | Jarak: 1081 m | RSSI: -81.8713 dBm | Tput: 0 Mbps | Delay: 0 ms | Jitter: 0 ms | Drop: 84926
[INFO] Waktu: 108.4s | Jarak: 1083 m | RSSI: -81.8713 dBm | Tput: 0 Mbps | Delay: 0 ms | Jitter: 0 ms | Drop: 84925
[INFO] Waktu: 108.6s | Jarak: 1085 m | RSSI: -81.8713 dBm | Tput: 0 Mbps | Delay: 0 ms | Jitter: 0 ms | Drop: 85425
[INFO] Waktu: 108.8s | Jarak: 1087 m | RSSI: -81.8713 dBm | Tput: 0 Mbps | Delay: 0 ms | Jitter: 0 ms | Drop: 84427
[INFO] Waktu: 109s | Jarak: 1089 m | RSSI: -81.8713 dBm | Tput: 0 Mbps | Delay: 0 ms | Jitter: 0 ms | Drop: 84925
[INFO] Waktu: 109.2s | Jarak: 1091 m | RSSI: -81.8713 dBm | Tput: 0 Mbps | Delay: 0 ms | Jitter: 0 ms | Drop: 84926
[INFO] Waktu: 109.4s | Jarak: 1093 m | RSSI: -81.8713 dBm | Tput: 0 Mbps | Delay: 0 ms | Jitter: 0 ms | Drop: 84926
[INFO] Waktu: 109.6s | Jarak: 1095 m | RSSI: -81.8713 dBm | Tput: 0 Mbps | Delay: 0 ms | Jitter: 0 ms | Drop: 85425
[INFO] Waktu: 109.8s | Jarak: 1097 m | RSSI: -81.8713 dBm | Tput: 0 Mbps | Delay: 0 ms | Jitter: 0 ms | Drop: 84426
[INFO] Waktu: 110s | Jarak: 1099 m | RSSI: -81.8713 dBm | Tput: 0 Mbps | Delay: 0 ms | Jitter: 0 ms | Drop: 84926
[INFO] Waktu: 110.2s | Jarak: 1101 m | RSSI: -81.8713 dBm | Tput: 0 Mbps | Delay: 0 ms | Jitter: 0 ms | Drop: 84925
[INFO] Waktu: 110.4s | Jarak: 1103 m | RSSI: -81.8713 dBm | Tput: 0 Mbps | Delay: 0 ms | Jitter: 0 ms | Drop: 84926
[INFO] Waktu: 110.6s | Jarak: 1105 m | RSSI: -81.8713 dBm | Tput: 0 Mbps | Delay: 0 ms | Jitter: 0 ms | Drop: 85426
[INFO] Waktu: 110.8s | Jarak: 1107 m | RSSI: -81.8713 dBm | Tput: 0 Mbps | Delay: 0 ms | Jitter: 0 ms | Drop: 84425
[INFO] Waktu: 111s | Jarak: 1109 m | RSSI: -81.8713 dBm | Tput: 0 Mbps | Delay: 0 ms | Jitter: 0 ms | Drop: 84926
[INFO] Waktu: 111.2s | Jarak: 1111 m | RSSI: -81.8713 dBm | Tput: 0 Mbps | Delay: 0 ms | Jitter: 0 ms | Drop: 84925
[INFO] Waktu: 111.4s | Jarak: 1113 m | RSSI: -81.8713 dBm | Tput: 0 Mbps | Delay: 0 ms | Jitter: 0 ms | Drop: 84927
[INFO] Waktu: 111.6s | Jarak: 1115 m | RSSI: -81.8713 dBm | Tput: 0 Mbps | Delay: 0 ms | Jitter: 0 ms | Drop: 85425
[INFO] Waktu: 111.8s | Jarak: 1117 m | RSSI: -81.8713 dBm | Tput: 0 Mbps | Delay: 0 ms | Jitter: 0 ms | Drop: 84425
[INFO] Waktu: 112s | Jarak: 1119 m | RSSI: -81.8713 dBm | Tput: 0 Mbps | Delay: 0 ms | Jitter: 0 ms | Drop: 84926
[INFO] Waktu: 112.2s | Jarak: 1121 m | RSSI: -81.8713 dBm | Tput: 0 Mbps | Delay: 0 ms | Jitter: 0 ms | Drop: 84927
[INFO] Waktu: 112.4s | Jarak: 1123 m | RSSI: -81.8713 dBm | Tput: 0 Mbps | Delay: 0 ms | Jitter: 0 ms | Drop: 84925
[INFO] Waktu: 112.6s | Jarak: 1125 m | RSSI: -81.8713 dBm | Tput: 0 Mbps | Delay: 0 ms | Jitter: 0 ms | Drop: 85425
[INFO] Waktu: 112.8s | Jarak: 1127 m | RSSI: -81.8713 dBm | Tput: 0 Mbps | Delay: 0 ms | Jitter: 0 ms | Drop: 84426
[INFO] Waktu: 113s | Jarak: 1129 m | RSSI: -81.8713 dBm | Tput: 0 Mbps | Delay: 0 ms | Jitter: 0 ms | Drop: 84926
[INFO] Waktu: 113.2s | Jarak: 1131 m | RSSI: -81.8713 dBm | Tput: 0 Mbps | Delay: 0 ms | Jitter: 0 ms | Drop: 84926
[INFO] Waktu: 113.4s | Jarak: 1133 m | RSSI: -81.8713 dBm | Tput: 0 Mbps | Delay: 0 ms | Jitter: 0 ms | Drop: 84925
[INFO] Waktu: 113.6s | Jarak: 1135 m | RSSI: -81.8713 dBm | Tput: 0 Mbps | Delay: 0 ms | Jitter: 0 ms | Drop: 85426
[INFO] Waktu: 113.8s | Jarak: 1137 m | RSSI: -81.8713 dBm | Tput: 0 Mbps | Delay: 0 ms | Jitter: 0 ms | Drop: 84426
[INFO] Waktu: 114s | Jarak: 1139 m | RSSI: -81.8713 dBm | Tput: 0 Mbps | Delay: 0 ms | Jitter: 0 ms | Drop: 84926
[INFO] Waktu: 114.2s | Jarak: 1141 m | RSSI: -81.8713 dBm | Tput: 0 Mbps | Delay: 0 ms | Jitter: 0 ms | Drop: 84925
[INFO] Waktu: 114.4s | Jarak: 1143 m | RSSI: -81.8713 dBm | Tput: 0 Mbps | Delay: 0 ms | Jitter: 0 ms | Drop: 84926
[INFO] Waktu: 114.6s | Jarak: 1145 m | RSSI: -81.8713 dBm | Tput: 0 Mbps | Delay: 0 ms | Jitter: 0 ms | Drop: 85426
[INFO] Waktu: 114.8s | Jarak: 1147 m | RSSI: -81.8713 dBm | Tput: 0 Mbps | Delay: 0 ms | Jitter: 0 ms | Drop: 84425
[INFO] Waktu: 115s | Jarak: 1149 m | RSSI: -81.8713 dBm | Tput: 0 Mbps | Delay: 0 ms | Jitter: 0 ms | Drop: 84926
[INFO] Waktu: 115.2s | Jarak: 1151 m | RSSI: -81.8713 dBm | Tput: 0 Mbps | Delay: 0 ms | Jitter: 0 ms | Drop: 84926
[INFO] Waktu: 115.4s | Jarak: 1153 m | RSSI: -81.8713 dBm | Tput: 0 Mbps | Delay: 0 ms | Jitter: 0 ms | Drop: 84925
[INFO] Waktu: 115.6s | Jarak: 1155 m | RSSI: -81.8713 dBm | Tput: 0 Mbps | Delay: 0 ms | Jitter: 0 ms | Drop: 85426
[INFO] Waktu: 115.8s | Jarak: 1157 m | RSSI: -81.8713 dBm | Tput: 0 Mbps | Delay: 0 ms | Jitter: 0 ms | Drop: 84426
[INFO] Waktu: 116s | Jarak: 1159 m | RSSI: -81.8713 dBm | Tput: 0 Mbps | Delay: 0 ms | Jitter: 0 ms | Drop: 84926
[INFO] Waktu: 116.2s | Jarak: 1161 m | RSSI: -81.8713 dBm | Tput: 0 Mbps | Delay: 0 ms | Jitter: 0 ms | Drop: 84925
[INFO] Waktu: 116.4s | Jarak: 1163 m | RSSI: -81.8713 dBm | Tput: 0 Mbps | Delay: 0 ms | Jitter: 0 ms | Drop: 84926
[INFO] Waktu: 116.6s | Jarak: 1165 m | RSSI: -81.8713 dBm | Tput: 0 Mbps | Delay: 0 ms | Jitter: 0 ms | Drop: 84925
[INFO] Waktu: 116.8s | Jarak: 1167 m | RSSI: -81.8713 dBm | Tput: 0 Mbps | Delay: 0 ms | Jitter: 0 ms | Drop: 84926
[INFO] Waktu: 117s | Jarak: 1169 m | RSSI: -81.8713 dBm | Tput: 0 Mbps | Delay: 0 ms | Jitter: 0 ms | Drop: 84926
[INFO] Waktu: 117.2s | Jarak: 1171 m | RSSI: -81.8713 dBm | Tput: 0 Mbps | Delay: 0 ms | Jitter: 0 ms | Drop: 84925
[INFO] Waktu: 117.4s | Jarak: 1173 m | RSSI: -81.8713 dBm | Tput: 0 Mbps | Delay: 0 ms | Jitter: 0 ms | Drop: 84926
[INFO] Waktu: 117.6s | Jarak: 1175 m | RSSI: -81.8713 dBm | Tput: 0 Mbps | Delay: 0 ms | Jitter: 0 ms | Drop: 84926
[INFO] Waktu: 117.8s | Jarak: 1177 m | RSSI: -81.8713 dBm | Tput: 0 Mbps | Delay: 0 ms | Jitter: 0 ms | Drop: 84925
[INFO] Waktu: 118s | Jarak: 1179 m | RSSI: -81.8713 dBm | Tput: 0 Mbps | Delay: 0 ms | Jitter: 0 ms | Drop: 84926
[INFO] Waktu: 118.2s | Jarak: 1181 m | RSSI: -81.8713 dBm | Tput: 0 Mbps | Delay: 0 ms | Jitter: 0 ms | Drop: 84925
[INFO] Waktu: 118.4s | Jarak: 1183 m | RSSI: -81.8713 dBm | Tput: 0 Mbps | Delay: 0 ms | Jitter: 0 ms | Drop: 84926
[INFO] Waktu: 118.6s | Jarak: 1185 m | RSSI: -81.8713 dBm | Tput: 0 Mbps | Delay: 0 ms | Jitter: 0 ms | Drop: 84927
[INFO] Waktu: 118.8s | Jarak: 1187 m | RSSI: -81.8713 dBm | Tput: 0 Mbps | Delay: 0 ms | Jitter: 0 ms | Drop: 84925
[INFO] Waktu: 119s | Jarak: 1189 m | RSSI: -81.8713 dBm | Tput: 0 Mbps | Delay: 0 ms | Jitter: 0 ms | Drop: 84925
[INFO] Waktu: 119.2s | Jarak: 1191 m | RSSI: -81.8713 dBm | Tput: 0 Mbps | Delay: 0 ms | Jitter: 0 ms | Drop: 84927
[INFO] Waktu: 119.4s | Jarak: 1193 m | RSSI: -81.8713 dBm | Tput: 0 Mbps | Delay: 0 ms | Jitter: 0 ms | Drop: 84924
[INFO] Waktu: 119.6s | Jarak: 1195 m | RSSI: -81.8713 dBm | Tput: 0 Mbps | Delay: 0 ms | Jitter: 0 ms | Drop: 84926
[INFO] Waktu: 119.8s | Jarak: 1197 m | RSSI: -81.8713 dBm | Tput: 0 Mbps | Delay: 0 ms | Jitter: 0 ms | Drop: 84927
[INFO] Waktu: 120s | Jarak: 1199 m | RSSI: -81.8713 dBm | Tput: 0 Mbps | Delay: 0 ms | Jitter: 0 ms | Drop: 84925
[INFO] Waktu: 120.2s | Jarak: 1201 m | RSSI: -81.8713 dBm | Tput: 0 Mbps | Delay: 0 ms | Jitter: 0 ms | Drop: 84925
[INFO] Waktu: 120.4s | Jarak: 1203 m | RSSI: -81.8713 dBm | Tput: 0 Mbps | Delay: 0 ms | Jitter: 0 ms | Drop: 84927
[INFO] Waktu: 120.6s | Jarak: 1205 m | RSSI: -81.8713 dBm | Tput: 0 Mbps | Delay: 0 ms | Jitter: 0 ms | Drop: 52581
[INFO] Waktu: 120.8s | Jarak: 1207 m | RSSI: -81.8713 dBm | Tput: 0 Mbps | Delay: 0 ms | Jitter: 0 ms | Drop: 22543
[INFO] Waktu: 121s | Jarak: 1209 m | RSSI: -81.8713 dBm | Tput: 0 Mbps | Delay: 0 ms | Jitter: 0 ms | Drop: 18959
[INFO] Waktu: 121.2s | Jarak: 1211 m | RSSI: -81.8713 dBm | Tput: 0 Mbps | Delay: 0 ms | Jitter: 0 ms | Drop: 19462
[INFO] Waktu: 121.4s | Jarak: 1213 m | RSSI: -81.8713 dBm | Tput: 0 Mbps | Delay: 0 ms | Jitter: 0 ms | Drop: 18970
[INFO] Waktu: 121.6s | Jarak: 1215 m | RSSI: -81.8713 dBm | Tput: 0 Mbps | Delay: 0 ms | Jitter: 0 ms | Drop: 24135
[INFO] Waktu: 121.8s | Jarak: 1217 m | RSSI: -81.8713 dBm | Tput: 0 Mbps | Delay: 0 ms | Jitter: 0 ms | Drop: 19542
[INFO] Waktu: 122s | Jarak: 1219 m | RSSI: -81.8713 dBm | Tput: 0 Mbps | Delay: 0 ms | Jitter: 0 ms | Drop: 19003
[INFO] Waktu: 122.2s | Jarak: 1221 m | RSSI: -81.8713 dBm | Tput: 0 Mbps | Delay: 0 ms | Jitter: 0 ms | Drop: 19441
[INFO] Waktu: 122.4s | Jarak: 1223 m | RSSI: -81.8713 dBm | Tput: 0 Mbps | Delay: 0 ms | Jitter: 0 ms | Drop: 18918
[INFO] Waktu: 122.6s | Jarak: 1225 m | RSSI: -81.8713 dBm | Tput: 0 Mbps | Delay: 0 ms | Jitter: 0 ms | Drop: 20815
[INFO] Waktu: 122.8s | Jarak: 1227 m | RSSI: -81.8713 dBm | Tput: 0 Mbps | Delay: 0 ms | Jitter: 0 ms | Drop: 19417
[INFO] Waktu: 123s | Jarak: 1229 m | RSSI: -81.8713 dBm | Tput: 0 Mbps | Delay: 0 ms | Jitter: 0 ms | Drop: 18933
[INFO] Waktu: 123.2s | Jarak: 1231 m | RSSI: -81.8713 dBm | Tput: 0 Mbps | Delay: 0 ms | Jitter: 0 ms | Drop: 19478
[INFO] Waktu: 123.4s | Jarak: 1233 m | RSSI: -81.8713 dBm | Tput: 0 Mbps | Delay: 0 ms | Jitter: 0 ms | Drop: 18943
[INFO] Waktu: 123.6s | Jarak: 1235 m | RSSI: -81.8713 dBm | Tput: 0 Mbps | Delay: 0 ms | Jitter: 0 ms | Drop: 18973
[INFO] Waktu: 123.8s | Jarak: 1237 m | RSSI: -81.8713 dBm | Tput: 0 Mbps | Delay: 0 ms | Jitter: 0 ms | Drop: 19450
[INFO] Waktu: 124s | Jarak: 1239 m | RSSI: -81.8713 dBm | Tput: 0 Mbps | Delay: 0 ms | Jitter: 0 ms | Drop: 18916
[INFO] Waktu: 124.2s | Jarak: 1241 m | RSSI: -81.8713 dBm | Tput: 0 Mbps | Delay: 0 ms | Jitter: 0 ms | Drop: 19478
[INFO] Waktu: 124.4s | Jarak: 1243 m | RSSI: -81.8713 dBm | Tput: 0 Mbps | Delay: 0 ms | Jitter: 0 ms | Drop: 18948
[INFO] Waktu: 124.6s | Jarak: 1245 m | RSSI: -81.8713 dBm | Tput: 0 Mbps | Delay: 0 ms | Jitter: 0 ms | Drop: 18947
[INFO] Waktu: 124.8s | Jarak: 1247 m | RSSI: -81.8713 dBm | Tput: 0 Mbps | Delay: 0 ms | Jitter: 0 ms | Drop: 19455
[INFO] Waktu: 125s | Jarak: 1249 m | RSSI: -81.8713 dBm | Tput: 0 Mbps | Delay: 0 ms | Jitter: 0 ms | Drop: 18920
[INFO] Waktu: 125.2s | Jarak: 1251 m | RSSI: -81.8713 dBm | Tput: 0 Mbps | Delay: 0 ms | Jitter: 0 ms | Drop: 19410
[INFO] Waktu: 125.4s | Jarak: 1253 m | RSSI: -81.8713 dBm | Tput: 0 Mbps | Delay: 0 ms | Jitter: 0 ms | Drop: 18915
[INFO] Waktu: 125.6s | Jarak: 1255 m | RSSI: -81.8713 dBm | Tput: 0 Mbps | Delay: 0 ms | Jitter: 0 ms | Drop: 18988
[INFO] Waktu: 125.8s | Jarak: 1257 m | RSSI: -81.8713 dBm | Tput: 0 Mbps | Delay: 0 ms | Jitter: 0 ms | Drop: 19471
[INFO] Waktu: 126s | Jarak: 1259 m | RSSI: -81.8713 dBm | Tput: 0 Mbps | Delay: 0 ms | Jitter: 0 ms | Drop: 18958
[INFO] Waktu: 126.2s | Jarak: 1261 m | RSSI: -81.8713 dBm | Tput: 0 Mbps | Delay: 0 ms | Jitter: 0 ms | Drop: 19380
[INFO] Waktu: 126.4s | Jarak: 1263 m | RSSI: -81.8713 dBm | Tput: 0 Mbps | Delay: 0 ms | Jitter: 0 ms | Drop: 18928
[INFO] Waktu: 126.6s | Jarak: 1265 m | RSSI: -81.8713 dBm | Tput: 0 Mbps | Delay: 0 ms | Jitter: 0 ms | Drop: 18978
[INFO] Waktu: 126.8s | Jarak: 1267 m | RSSI: -81.8713 dBm | Tput: 0 Mbps | Delay: 0 ms | Jitter: 0 ms | Drop: 19456
[INFO] Waktu: 127s | Jarak: 1269 m | RSSI: -81.8713 dBm | Tput: 0 Mbps | Delay: 0 ms | Jitter: 0 ms | Drop: 18942
[INFO] Waktu: 127.2s | Jarak: 1271 m | RSSI: -81.8713 dBm | Tput: 0 Mbps | Delay: 0 ms | Jitter: 0 ms | Drop: 19403
[INFO] Waktu: 127.4s | Jarak: 1273 m | RSSI: -81.8713 dBm | Tput: 0 Mbps | Delay: 0 ms | Jitter: 0 ms | Drop: 18986
[INFO] Waktu: 127.6s | Jarak: 1275 m | RSSI: -81.8713 dBm | Tput: 0 Mbps | Delay: 0 ms | Jitter: 0 ms | Drop: 18970
[INFO] Waktu: 127.8s | Jarak: 1277 m | RSSI: -81.8713 dBm | Tput: 0 Mbps | Delay: 0 ms | Jitter: 0 ms | Drop: 19500
[INFO] Waktu: 128s | Jarak: 1279 m | RSSI: -81.8713 dBm | Tput: 0 Mbps | Delay: 0 ms | Jitter: 0 ms | Drop: 18914
[INFO] Waktu: 128.2s | Jarak: 1281 m | RSSI: -81.8713 dBm | Tput: 0 Mbps | Delay: 0 ms | Jitter: 0 ms | Drop: 19348
[INFO] Waktu: 128.4s | Jarak: 1283 m | RSSI: -81.8713 dBm | Tput: 0 Mbps | Delay: 0 ms | Jitter: 0 ms | Drop: 18914
[INFO] Waktu: 128.6s | Jarak: 1285 m | RSSI: -81.8713 dBm | Tput: 0 Mbps | Delay: 0 ms | Jitter: 0 ms | Drop: 18962
[INFO] Waktu: 128.8s | Jarak: 1287 m | RSSI: -81.8713 dBm | Tput: 0 Mbps | Delay: 0 ms | Jitter: 0 ms | Drop: 19395
[INFO] Waktu: 129s | Jarak: 1289 m | RSSI: -81.8713 dBm | Tput: 0 Mbps | Delay: 0 ms | Jitter: 0 ms | Drop: 19006
[INFO] Waktu: 129.2s | Jarak: 1291 m | RSSI: -81.8713 dBm | Tput: 0 Mbps | Delay: 0 ms | Jitter: 0 ms | Drop: 19330
[INFO] Waktu: 129.4s | Jarak: 1293 m | RSSI: -81.8713 dBm | Tput: 0 Mbps | Delay: 0 ms | Jitter: 0 ms | Drop: 18981
[INFO] Waktu: 129.6s | Jarak: 1295 m | RSSI: -81.8713 dBm | Tput: 0 Mbps | Delay: 0 ms | Jitter: 0 ms | Drop: 19002
[INFO] Waktu: 129.8s | Jarak: 1297 m | RSSI: -81.8713 dBm | Tput: 0 Mbps | Delay: 0 ms | Jitter: 0 ms | Drop: 19000
[INFO] Waktu: 130s | Jarak: 1299 m | RSSI: -81.8713 dBm | Tput: 0 Mbps | Delay: 0 ms | Jitter: 0 ms | Drop: 19004
[INFO] Waktu: 130.2s | Jarak: 1301 m | RSSI: -81.8713 dBm | Tput: 0 Mbps | Delay: 0 ms | Jitter: 0 ms | Drop: 18961
[INFO] Waktu: 130.4s | Jarak: 1303 m | RSSI: -81.8713 dBm | Tput: 0 Mbps | Delay: 0 ms | Jitter: 0 ms | Drop: 18949
[INFO] Waktu: 130.6s | Jarak: 1305 m | RSSI: -81.8713 dBm | Tput: 0 Mbps | Delay: 0 ms | Jitter: 0 ms | Drop: 51423
[INFO] Waktu: 130.8s | Jarak: 1307 m | RSSI: -81.8713 dBm | Tput: 0 Mbps | Delay: 0 ms | Jitter: 0 ms | Drop: 84854
[INFO] Waktu: 131s | Jarak: 1309 m | RSSI: -81.8713 dBm | Tput: 0 Mbps | Delay: 0 ms | Jitter: 0 ms | Drop: 84940
[INFO] Waktu: 131.2s | Jarak: 1311 m | RSSI: -81.8713 dBm | Tput: 0 Mbps | Delay: 0 ms | Jitter: 0 ms | Drop: 84897
[INFO] Waktu: 131.4s | Jarak: 1313 m | RSSI: -81.8713 dBm | Tput: 0 Mbps | Delay: 0 ms | Jitter: 0 ms | Drop: 84964
[INFO] Waktu: 131.6s | Jarak: 1315 m | RSSI: -81.8713 dBm | Tput: 0 Mbps | Delay: 0 ms | Jitter: 0 ms | Drop: 84970
[INFO] Waktu: 131.8s | Jarak: 1317 m | RSSI: -81.8713 dBm | Tput: 0 Mbps | Delay: 0 ms | Jitter: 0 ms | Drop: 84882
[INFO] Waktu: 132s | Jarak: 1319 m | RSSI: -81.8713 dBm | Tput: 0 Mbps | Delay: 0 ms | Jitter: 0 ms | Drop: 84956
[INFO] Waktu: 132.2s | Jarak: 1321 m | RSSI: -81.8713 dBm | Tput: 0 Mbps | Delay: 0 ms | Jitter: 0 ms | Drop: 84975
[INFO] Waktu: 132.4s | Jarak: 1323 m | RSSI: -81.8713 dBm | Tput: 0 Mbps | Delay: 0 ms | Jitter: 0 ms | Drop: 84991
[INFO] Waktu: 132.6s | Jarak: 1325 m | RSSI: -81.8713 dBm | Tput: 0 Mbps | Delay: 0 ms | Jitter: 0 ms | Drop: 84840
[INFO] Waktu: 132.8s | Jarak: 1327 m | RSSI: -81.8713 dBm | Tput: 0 Mbps | Delay: 0 ms | Jitter: 0 ms | Drop: 84901
[INFO] Waktu: 133s | Jarak: 1329 m | RSSI: -81.8713 dBm | Tput: 0 Mbps | Delay: 0 ms | Jitter: 0 ms | Drop: 85008
[INFO] Waktu: 133.2s | Jarak: 1331 m | RSSI: -81.8713 dBm | Tput: 0 Mbps | Delay: 0 ms | Jitter: 0 ms | Drop: 84968
[INFO] Waktu: 133.4s | Jarak: 1333 m | RSSI: -81.8713 dBm | Tput: 0 Mbps | Delay: 0 ms | Jitter: 0 ms | Drop: 84939
[INFO] Waktu: 133.6s | Jarak: 1335 m | RSSI: -81.8713 dBm | Tput: 0 Mbps | Delay: 0 ms | Jitter: 0 ms | Drop: 84871
[INFO] Waktu: 133.8s | Jarak: 1337 m | RSSI: -81.8713 dBm | Tput: 0 Mbps | Delay: 0 ms | Jitter: 0 ms | Drop: 84889
[INFO] Waktu: 134s | Jarak: 1339 m | RSSI: -81.8713 dBm | Tput: 0 Mbps | Delay: 0 ms | Jitter: 0 ms | Drop: 84966
[INFO] Waktu: 134.2s | Jarak: 1341 m | RSSI: -81.8713 dBm | Tput: 0 Mbps | Delay: 0 ms | Jitter: 0 ms | Drop: 84950
[INFO] Waktu: 134.4s | Jarak: 1343 m | RSSI: -81.8713 dBm | Tput: 0 Mbps | Delay: 0 ms | Jitter: 0 ms | Drop: 84987
[INFO] Waktu: 134.6s | Jarak: 1345 m | RSSI: -81.8713 dBm | Tput: 0 Mbps | Delay: 0 ms | Jitter: 0 ms | Drop: 84946
[INFO] Waktu: 134.8s | Jarak: 1347 m | RSSI: -81.8713 dBm | Tput: 0 Mbps | Delay: 0 ms | Jitter: 0 ms | Drop: 84992
[INFO] Waktu: 135s | Jarak: 1349 m | RSSI: -81.8713 dBm | Tput: 0 Mbps | Delay: 0 ms | Jitter: 0 ms | Drop: 85026
[INFO] Waktu: 135.2s | Jarak: 1351 m | RSSI: -81.8713 dBm | Tput: 0 Mbps | Delay: 0 ms | Jitter: 0 ms | Drop: 84872
[INFO] Waktu: 135.4s | Jarak: 1353 m | RSSI: -81.8713 dBm | Tput: 0 Mbps | Delay: 0 ms | Jitter: 0 ms | Drop: 84919
[INFO] Waktu: 135.6s | Jarak: 1355 m | RSSI: -81.8713 dBm | Tput: 0 Mbps | Delay: 0 ms | Jitter: 0 ms | Drop: 84913
[INFO] Waktu: 135.8s | Jarak: 1357 m | RSSI: -81.8713 dBm | Tput: 0 Mbps | Delay: 0 ms | Jitter: 0 ms | Drop: 84886
[INFO] Waktu: 136s | Jarak: 1359 m | RSSI: -81.8713 dBm | Tput: 0 Mbps | Delay: 0 ms | Jitter: 0 ms | Drop: 84877
[INFO] Waktu: 136.2s | Jarak: 1361 m | RSSI: -81.8713 dBm | Tput: 0 Mbps | Delay: 0 ms | Jitter: 0 ms | Drop: 84918
[INFO] Waktu: 136.4s | Jarak: 1363 m | RSSI: -81.8713 dBm | Tput: 0 Mbps | Delay: 0 ms | Jitter: 0 ms | Drop: 84910
[INFO] Waktu: 136.6s | Jarak: 1365 m | RSSI: -81.8713 dBm | Tput: 0 Mbps | Delay: 0 ms | Jitter: 0 ms | Drop: 84905
[INFO] Waktu: 136.8s | Jarak: 1367 m | RSSI: -81.8713 dBm | Tput: 0 Mbps | Delay: 0 ms | Jitter: 0 ms | Drop: 84909
[INFO] Waktu: 137s | Jarak: 1369 m | RSSI: -81.8713 dBm | Tput: 0 Mbps | Delay: 0 ms | Jitter: 0 ms | Drop: 84960
[INFO] Waktu: 137.2s | Jarak: 1371 m | RSSI: -81.8713 dBm | Tput: 0 Mbps | Delay: 0 ms | Jitter: 0 ms | Drop: 84912
[INFO] Waktu: 137.4s | Jarak: 1373 m | RSSI: -81.8713 dBm | Tput: 0 Mbps | Delay: 0 ms | Jitter: 0 ms | Drop: 84912
[INFO] Waktu: 137.6s | Jarak: 1375 m | RSSI: -81.8713 dBm | Tput: 0 Mbps | Delay: 0 ms | Jitter: 0 ms | Drop: 84980
[INFO] Waktu: 137.8s | Jarak: 1377 m | RSSI: -81.8713 dBm | Tput: 0 Mbps | Delay: 0 ms | Jitter: 0 ms | Drop: 84941
[INFO] Waktu: 138s | Jarak: 1379 m | RSSI: -81.8713 dBm | Tput: 0 Mbps | Delay: 0 ms | Jitter: 0 ms | Drop: 85006
[INFO] Waktu: 138.2s | Jarak: 1381 m | RSSI: -81.8713 dBm | Tput: 0 Mbps | Delay: 0 ms | Jitter: 0 ms | Drop: 84970
[INFO] Waktu: 138.4s | Jarak: 1383 m | RSSI: -81.8713 dBm | Tput: 0 Mbps | Delay: 0 ms | Jitter: 0 ms | Drop: 84983
[INFO] Waktu: 138.6s | Jarak: 1385 m | RSSI: -81.8713 dBm | Tput: 0 Mbps | Delay: 0 ms | Jitter: 0 ms | Drop: 85021
[INFO] Waktu: 138.8s | Jarak: 1387 m | RSSI: -81.8713 dBm | Tput: 0 Mbps | Delay: 0 ms | Jitter: 0 ms | Drop: 84991
[INFO] Waktu: 139s | Jarak: 1389 m | RSSI: -81.8713 dBm | Tput: 0 Mbps | Delay: 0 ms | Jitter: 0 ms | Drop: 84872
[INFO] Waktu: 139.2s | Jarak: 1391 m | RSSI: -81.8713 dBm | Tput: 0 Mbps | Delay: 0 ms | Jitter: 0 ms | Drop: 84897
[INFO] Waktu: 139.4s | Jarak: 1393 m | RSSI: -81.8713 dBm | Tput: 0 Mbps | Delay: 0 ms | Jitter: 0 ms | Drop: 84921
[INFO] Waktu: 139.6s | Jarak: 1395 m | RSSI: -81.8713 dBm | Tput: 0 Mbps | Delay: 0 ms | Jitter: 0 ms | Drop: 84881
[INFO] Waktu: 139.8s | Jarak: 1397 m | RSSI: -81.8713 dBm | Tput: 0 Mbps | Delay: 0 ms | Jitter: 0 ms | Drop: 84889
[INFO] Waktu: 140s | Jarak: 1399 m | RSSI: -81.8713 dBm | Tput: 0 Mbps | Delay: 0 ms | Jitter: 0 ms | Drop: 84915
[INFO] Waktu: 140.2s | Jarak: 1401 m | RSSI: -81.8713 dBm | Tput: 0 Mbps | Delay: 0 ms | Jitter: 0 ms | Drop: 84990
[INFO] Waktu: 140.4s | Jarak: 1403 m | RSSI: -81.8713 dBm | Tput: 0 Mbps | Delay: 0 ms | Jitter: 0 ms | Drop: 84980
[INFO] Waktu: 140.6s | Jarak: 1405 m | RSSI: -81.8713 dBm | Tput: 0 Mbps | Delay: 0 ms | Jitter: 0 ms | Drop: 84811
[INFO] Waktu: 140.8s | Jarak: 1407 m | RSSI: -81.8713 dBm | Tput: 0 Mbps | Delay: 0 ms | Jitter: 0 ms | Drop: 85030
[INFO] Waktu: 141s | Jarak: 1409 m | RSSI: -81.8713 dBm | Tput: 0 Mbps | Delay: 0 ms | Jitter: 0 ms | Drop: 84918
[INFO] Waktu: 141.2s | Jarak: 1411 m | RSSI: -81.8713 dBm | Tput: 0 Mbps | Delay: 0 ms | Jitter: 0 ms | Drop: 84967
[INFO] Waktu: 141.4s | Jarak: 1413 m | RSSI: -81.8713 dBm | Tput: 0 Mbps | Delay: 0 ms | Jitter: 0 ms | Drop: 84877
[INFO] Waktu: 141.6s | Jarak: 1415 m | RSSI: -81.8713 dBm | Tput: 0 Mbps | Delay: 0 ms | Jitter: 0 ms | Drop: 84902
[INFO] Waktu: 141.8s | Jarak: 1417 m | RSSI: -81.8713 dBm | Tput: 0 Mbps | Delay: 0 ms | Jitter: 0 ms | Drop: 84840
[INFO] Waktu: 142s | Jarak: 1419 m | RSSI: -81.8713 dBm | Tput: 0 Mbps | Delay: 0 ms | Jitter: 0 ms | Drop: 84824
[INFO] Waktu: 142.2s | Jarak: 1421 m | RSSI: -81.8713 dBm | Tput: 0 Mbps | Delay: 0 ms | Jitter: 0 ms | Drop: 84887
[INFO] Waktu: 142.4s | Jarak: 1423 m | RSSI: -81.8713 dBm | Tput: 0 Mbps | Delay: 0 ms | Jitter: 0 ms | Drop: 84908
[INFO] Waktu: 142.6s | Jarak: 1425 m | RSSI: -81.8713 dBm | Tput: 0 Mbps | Delay: 0 ms | Jitter: 0 ms | Drop: 84931
[INFO] Waktu: 142.8s | Jarak: 1427 m | RSSI: -81.8713 dBm | Tput: 0 Mbps | Delay: 0 ms | Jitter: 0 ms | Drop: 85026
[INFO] Waktu: 143s | Jarak: 1429 m | RSSI: -81.8713 dBm | Tput: 0 Mbps | Delay: 0 ms | Jitter: 0 ms | Drop: 84874
[INFO] Waktu: 143.2s | Jarak: 1431 m | RSSI: -81.8713 dBm | Tput: 0 Mbps | Delay: 0 ms | Jitter: 0 ms | Drop: 84833
[INFO] Waktu: 143.4s | Jarak: 1433 m | RSSI: -81.8713 dBm | Tput: 0 Mbps | Delay: 0 ms | Jitter: 0 ms | Drop: 84890
[INFO] Waktu: 143.6s | Jarak: 1435 m | RSSI: -81.8713 dBm | Tput: 0 Mbps | Delay: 0 ms | Jitter: 0 ms | Drop: 84938
[INFO] Waktu: 143.8s | Jarak: 1437 m | RSSI: -81.8713 dBm | Tput: 0 Mbps | Delay: 0 ms | Jitter: 0 ms | Drop: 84946
[INFO] Waktu: 144s | Jarak: 1439 m | RSSI: -81.8713 dBm | Tput: 0 Mbps | Delay: 0 ms | Jitter: 0 ms | Drop: 84937
[INFO] Waktu: 144.2s | Jarak: 1441 m | RSSI: -81.8713 dBm | Tput: 0 Mbps | Delay: 0 ms | Jitter: 0 ms | Drop: 84891
[INFO] Waktu: 144.4s | Jarak: 1443 m | RSSI: -81.8713 dBm | Tput: 0 Mbps | Delay: 0 ms | Jitter: 0 ms | Drop: 84881
[INFO] Waktu: 144.6s | Jarak: 1445 m | RSSI: -81.8713 dBm | Tput: 0 Mbps | Delay: 0 ms | Jitter: 0 ms | Drop: 84948
[INFO] Waktu: 144.8s | Jarak: 1447 m | RSSI: -81.8713 dBm | Tput: 0 Mbps | Delay: 0 ms | Jitter: 0 ms | Drop: 84841
[INFO] Waktu: 145s | Jarak: 1449 m | RSSI: -81.8713 dBm | Tput: 0 Mbps | Delay: 0 ms | Jitter: 0 ms | Drop: 84891
[INFO] Waktu: 145.2s | Jarak: 1451 m | RSSI: -81.8713 dBm | Tput: 0 Mbps | Delay: 0 ms | Jitter: 0 ms | Drop: 84970
[INFO] Waktu: 145.4s | Jarak: 1453 m | RSSI: -81.8713 dBm | Tput: 0 Mbps | Delay: 0 ms | Jitter: 0 ms | Drop: 84976
[INFO] Waktu: 145.6s | Jarak: 1455 m | RSSI: -81.8713 dBm | Tput: 0 Mbps | Delay: 0 ms | Jitter: 0 ms | Drop: 84927
[INFO] Waktu: 145.8s | Jarak: 1457 m | RSSI: -81.8713 dBm | Tput: 0 Mbps | Delay: 0 ms | Jitter: 0 ms | Drop: 84983
[INFO] Waktu: 146s | Jarak: 1459 m | RSSI: -81.8713 dBm | Tput: 0 Mbps | Delay: 0 ms | Jitter: 0 ms | Drop: 84968
[INFO] Waktu: 146.2s | Jarak: 1461 m | RSSI: -81.8713 dBm | Tput: 0 Mbps | Delay: 0 ms | Jitter: 0 ms | Drop: 84946
[INFO] Waktu: 146.4s | Jarak: 1463 m | RSSI: -81.8713 dBm | Tput: 0 Mbps | Delay: 0 ms | Jitter: 0 ms | Drop: 85008
[INFO] Waktu: 146.6s | Jarak: 1465 m | RSSI: -81.8713 dBm | Tput: 0 Mbps | Delay: 0 ms | Jitter: 0 ms | Drop: 84964
[INFO] Waktu: 146.8s | Jarak: 1467 m | RSSI: -81.8713 dBm | Tput: 0 Mbps | Delay: 0 ms | Jitter: 0 ms | Drop: 84932
[INFO] Waktu: 147s | Jarak: 1469 m | RSSI: -81.8713 dBm | Tput: 0 Mbps | Delay: 0 ms | Jitter: 0 ms | Drop: 84895
[INFO] Waktu: 147.2s | Jarak: 1471 m | RSSI: -81.8713 dBm | Tput: 0 Mbps | Delay: 0 ms | Jitter: 0 ms | Drop: 84939
[INFO] Waktu: 147.4s | Jarak: 1473 m | RSSI: -81.8713 dBm | Tput: 0 Mbps | Delay: 0 ms | Jitter: 0 ms | Drop: 84940
[INFO] Waktu: 147.6s | Jarak: 1475 m | RSSI: -81.8713 dBm | Tput: 0 Mbps | Delay: 0 ms | Jitter: 0 ms | Drop: 84805
[INFO] Waktu: 147.8s | Jarak: 1477 m | RSSI: -81.8713 dBm | Tput: 0 Mbps | Delay: 0 ms | Jitter: 0 ms | Drop: 84823
[INFO] Waktu: 148s | Jarak: 1479 m | RSSI: -81.8713 dBm | Tput: 0 Mbps | Delay: 0 ms | Jitter: 0 ms | Drop: 84836
[INFO] Waktu: 148.2s | Jarak: 1481 m | RSSI: -81.8713 dBm | Tput: 0 Mbps | Delay: 0 ms | Jitter: 0 ms | Drop: 84907
[INFO] Waktu: 148.4s | Jarak: 1483 m | RSSI: -81.8713 dBm | Tput: 0 Mbps | Delay: 0 ms | Jitter: 0 ms | Drop: 84854
[INFO] Waktu: 148.6s | Jarak: 1485 m | RSSI: -81.8713 dBm | Tput: 0 Mbps | Delay: 0 ms | Jitter: 0 ms | Drop: 84853
[INFO] Waktu: 148.8s | Jarak: 1487 m | RSSI: -81.8713 dBm | Tput: 0 Mbps | Delay: 0 ms | Jitter: 0 ms | Drop: 84921
[INFO] Waktu: 149s | Jarak: 1489 m | RSSI: -81.8713 dBm | Tput: 0 Mbps | Delay: 0 ms | Jitter: 0 ms | Drop: 84932
[INFO] Waktu: 149.2s | Jarak: 1491 m | RSSI: -81.8713 dBm | Tput: 0 Mbps | Delay: 0 ms | Jitter: 0 ms | Drop: 85022
[INFO] Waktu: 149.4s | Jarak: 1493 m | RSSI: -81.8713 dBm | Tput: 0 Mbps | Delay: 0 ms | Jitter: 0 ms | Drop: 84956
[INFO] Waktu: 149.6s | Jarak: 1495 m | RSSI: -81.8713 dBm | Tput: 0 Mbps | Delay: 0 ms | Jitter: 0 ms | Drop: 84975
[INFO] Waktu: 149.8s | Jarak: 1497 m | RSSI: -81.8713 dBm | Tput: 0 Mbps | Delay: 0 ms | Jitter: 0 ms | Drop: 84911
[INFO] Waktu: 150s | Jarak: 1499 m | RSSI: -81.8713 dBm | Tput: 0 Mbps | Delay: 0 ms | Jitter: 0 ms | Drop: 84955
[INFO] Waktu: 150.2s | Jarak: 1501 m | RSSI: -81.8713 dBm | Tput: 0 Mbps | Delay: 0 ms | Jitter: 0 ms | Drop: 84905
[INFO] Waktu: 150.4s | Jarak: 1503 m | RSSI: -81.8713 dBm | Tput: 0 Mbps | Delay: 0 ms | Jitter: 0 ms | Drop: 84927
[INFO] Waktu: 150.6s | Jarak: 1505 m | RSSI: -81.8713 dBm | Tput: 0 Mbps | Delay: 0 ms | Jitter: 0 ms | Drop: 85017
[INFO] Waktu: 150.8s | Jarak: 1507 m | RSSI: -81.8713 dBm | Tput: 0 Mbps | Delay: 0 ms | Jitter: 0 ms | Drop: 84895
[INFO] Waktu: 151s | Jarak: 1509 m | RSSI: -81.8713 dBm | Tput: 0 Mbps | Delay: 0 ms | Jitter: 0 ms | Drop: 84932
[INFO] Waktu: 151.2s | Jarak: 1511 m | RSSI: -81.8713 dBm | Tput: 0 Mbps | Delay: 0 ms | Jitter: 0 ms | Drop: 84895
[INFO] Waktu: 151.4s | Jarak: 1513 m | RSSI: -81.8713 dBm | Tput: 0 Mbps | Delay: 0 ms | Jitter: 0 ms | Drop: 84860
[INFO] Waktu: 151.6s | Jarak: 1515 m | RSSI: -81.8713 dBm | Tput: 0 Mbps | Delay: 0 ms | Jitter: 0 ms | Drop: 84914
[INFO] Waktu: 151.8s | Jarak: 1517 m | RSSI: -81.8713 dBm | Tput: 0 Mbps | Delay: 0 ms | Jitter: 0 ms | Drop: 84927
[INFO] Waktu: 152s | Jarak: 1519 m | RSSI: -81.8713 dBm | Tput: 0 Mbps | Delay: 0 ms | Jitter: 0 ms | Drop: 84969
[INFO] Waktu: 152.2s | Jarak: 1521 m | RSSI: -81.8713 dBm | Tput: 0 Mbps | Delay: 0 ms | Jitter: 0 ms | Drop: 84892
[INFO] Waktu: 152.4s | Jarak: 1523 m | RSSI: -81.8713 dBm | Tput: 0 Mbps | Delay: 0 ms | Jitter: 0 ms | Drop: 84909
[INFO] Waktu: 152.6s | Jarak: 1525 m | RSSI: -81.8713 dBm | Tput: 0 Mbps | Delay: 0 ms | Jitter: 0 ms | Drop: 84999
[INFO] Waktu: 152.8s | Jarak: 1527 m | RSSI: -81.8713 dBm | Tput: 0 Mbps | Delay: 0 ms | Jitter: 0 ms | Drop: 84856
[INFO] Waktu: 153s | Jarak: 1529 m | RSSI: -81.8713 dBm | Tput: 0 Mbps | Delay: 0 ms | Jitter: 0 ms | Drop: 84977
[INFO] Waktu: 153.2s | Jarak: 1531 m | RSSI: -81.8713 dBm | Tput: 0 Mbps | Delay: 0 ms | Jitter: 0 ms | Drop: 84967
[INFO] Waktu: 153.4s | Jarak: 1533 m | RSSI: -81.8713 dBm | Tput: 0 Mbps | Delay: 0 ms | Jitter: 0 ms | Drop: 85003
[INFO] Waktu: 153.6s | Jarak: 1535 m | RSSI: -81.8713 dBm | Tput: 0 Mbps | Delay: 0 ms | Jitter: 0 ms | Drop: 85021
[INFO] Waktu: 153.8s | Jarak: 1537 m | RSSI: -81.8713 dBm | Tput: 0 Mbps | Delay: 0 ms | Jitter: 0 ms | Drop: 84908
[INFO] Waktu: 154s | Jarak: 1539 m | RSSI: -81.8713 dBm | Tput: 0 Mbps | Delay: 0 ms | Jitter: 0 ms | Drop: 84962
[INFO] Waktu: 154.2s | Jarak: 1541 m | RSSI: -81.8713 dBm | Tput: 0 Mbps | Delay: 0 ms | Jitter: 0 ms | Drop: 84978
[INFO] Waktu: 154.4s | Jarak: 1543 m | RSSI: -81.8713 dBm | Tput: 0 Mbps | Delay: 0 ms | Jitter: 0 ms | Drop: 84913
[INFO] Waktu: 154.6s | Jarak: 1545 m | RSSI: -81.8713 dBm | Tput: 0 Mbps | Delay: 0 ms | Jitter: 0 ms | Drop: 84875
[INFO] Waktu: 154.8s | Jarak: 1547 m | RSSI: -81.8713 dBm | Tput: 0 Mbps | Delay: 0 ms | Jitter: 0 ms | Drop: 84962
[INFO] Waktu: 155s | Jarak: 1549 m | RSSI: -81.8713 dBm | Tput: 0 Mbps | Delay: 0 ms | Jitter: 0 ms | Drop: 84837
[INFO] Waktu: 155.2s | Jarak: 1551 m | RSSI: -81.8713 dBm | Tput: 0 Mbps | Delay: 0 ms | Jitter: 0 ms | Drop: 84934
[INFO] Waktu: 155.4s | Jarak: 1553 m | RSSI: -81.8713 dBm | Tput: 0 Mbps | Delay: 0 ms | Jitter: 0 ms | Drop: 84949
[INFO] Waktu: 155.6s | Jarak: 1555 m | RSSI: -81.8713 dBm | Tput: 0 Mbps | Delay: 0 ms | Jitter: 0 ms | Drop: 84785
[INFO] Waktu: 155.8s | Jarak: 1557 m | RSSI: -81.8713 dBm | Tput: 0 Mbps | Delay: 0 ms | Jitter: 0 ms | Drop: 84949
[INFO] Waktu: 156s | Jarak: 1559 m | RSSI: -81.8713 dBm | Tput: 0 Mbps | Delay: 0 ms | Jitter: 0 ms | Drop: 84912
[INFO] Waktu: 156.2s | Jarak: 1561 m | RSSI: -81.8713 dBm | Tput: 0 Mbps | Delay: 0 ms | Jitter: 0 ms | Drop: 84979
[INFO] Waktu: 156.4s | Jarak: 1563 m | RSSI: -81.8713 dBm | Tput: 0 Mbps | Delay: 0 ms | Jitter: 0 ms | Drop: 84905
[INFO] Waktu: 156.6s | Jarak: 1565 m | RSSI: -81.8713 dBm | Tput: 0 Mbps | Delay: 0 ms | Jitter: 0 ms | Drop: 84879
[INFO] Waktu: 156.8s | Jarak: 1567 m | RSSI: -81.8713 dBm | Tput: 0 Mbps | Delay: 0 ms | Jitter: 0 ms | Drop: 84934
[INFO] Waktu: 157s | Jarak: 1569 m | RSSI: -81.8713 dBm | Tput: 0 Mbps | Delay: 0 ms | Jitter: 0 ms | Drop: 84897
[INFO] Waktu: 157.2s | Jarak: 1571 m | RSSI: -81.8713 dBm | Tput: 0 Mbps | Delay: 0 ms | Jitter: 0 ms | Drop: 84941
[INFO] Waktu: 157.4s | Jarak: 1573 m | RSSI: -81.8713 dBm | Tput: 0 Mbps | Delay: 0 ms | Jitter: 0 ms | Drop: 84935
[INFO] Waktu: 157.6s | Jarak: 1575 m | RSSI: -81.8713 dBm | Tput: 0 Mbps | Delay: 0 ms | Jitter: 0 ms | Drop: 84870
[INFO] Waktu: 157.8s | Jarak: 1577 m | RSSI: -81.8713 dBm | Tput: 0 Mbps | Delay: 0 ms | Jitter: 0 ms | Drop: 84952
[INFO] Waktu: 158s | Jarak: 1579 m | RSSI: -81.8713 dBm | Tput: 0 Mbps | Delay: 0 ms | Jitter: 0 ms | Drop: 84977
[INFO] Waktu: 158.2s | Jarak: 1581 m | RSSI: -81.8713 dBm | Tput: 0 Mbps | Delay: 0 ms | Jitter: 0 ms | Drop: 84940
[INFO] Waktu: 158.4s | Jarak: 1583 m | RSSI: -81.8713 dBm | Tput: 0 Mbps | Delay: 0 ms | Jitter: 0 ms | Drop: 85008
[INFO] Waktu: 158.6s | Jarak: 1585 m | RSSI: -81.8713 dBm | Tput: 0 Mbps | Delay: 0 ms | Jitter: 0 ms | Drop: 84891
[INFO] Waktu: 158.8s | Jarak: 1587 m | RSSI: -81.8713 dBm | Tput: 0 Mbps | Delay: 0 ms | Jitter: 0 ms | Drop: 84905
[INFO] Waktu: 159s | Jarak: 1589 m | RSSI: -81.8713 dBm | Tput: 0 Mbps | Delay: 0 ms | Jitter: 0 ms | Drop: 84985
[INFO] Waktu: 159.2s | Jarak: 1591 m | RSSI: -81.8713 dBm | Tput: 0 Mbps | Delay: 0 ms | Jitter: 0 ms | Drop: 84965
[INFO] Waktu: 159.4s | Jarak: 1593 m | RSSI: -81.8713 dBm | Tput: 0 Mbps | Delay: 0 ms | Jitter: 0 ms | Drop: 84901
[INFO] Waktu: 159.6s | Jarak: 1595 m | RSSI: -81.8713 dBm | Tput: 0 Mbps | Delay: 0 ms | Jitter: 0 ms | Drop: 84862
[INFO] Waktu: 159.8s | Jarak: 1597 m | RSSI: -81.8713 dBm | Tput: 0 Mbps | Delay: 0 ms | Jitter: 0 ms | Drop: 84915
[INFO] Waktu: 160s | Jarak: 1599 m | RSSI: -81.8713 dBm | Tput: 0 Mbps | Delay: 0 ms | Jitter: 0 ms | Drop: 84837
[INFO] Waktu: 160.2s | Jarak: 1601 m | RSSI: -81.8713 dBm | Tput: 0 Mbps | Delay: 0 ms | Jitter: 0 ms | Drop: 84962
[INFO] Waktu: 160.4s | Jarak: 1603 m | RSSI: -81.8713 dBm | Tput: 0 Mbps | Delay: 0 ms | Jitter: 0 ms | Drop: 84840
[INFO] Waktu: 160.6s | Jarak: 1605 m | RSSI: -81.8713 dBm | Tput: 0 Mbps | Delay: 0 ms | Jitter: 0 ms | Drop: 84877
[INFO] Waktu: 160.8s | Jarak: 1607 m | RSSI: -81.8713 dBm | Tput: 0 Mbps | Delay: 0 ms | Jitter: 0 ms | Drop: 84910
[INFO] Waktu: 161s | Jarak: 1609 m | RSSI: -81.8713 dBm | Tput: 0 Mbps | Delay: 0 ms | Jitter: 0 ms | Drop: 84982
[INFO] Waktu: 161.2s | Jarak: 1611 m | RSSI: -81.8713 dBm | Tput: 0 Mbps | Delay: 0 ms | Jitter: 0 ms | Drop: 84950
[INFO] Waktu: 161.4s | Jarak: 1613 m | RSSI: -81.8713 dBm | Tput: 0 Mbps | Delay: 0 ms | Jitter: 0 ms | Drop: 85042
[INFO] Waktu: 161.6s | Jarak: 1615 m | RSSI: -81.8713 dBm | Tput: 0 Mbps | Delay: 0 ms | Jitter: 0 ms | Drop: 84894
[INFO] Waktu: 161.8s | Jarak: 1617 m | RSSI: -81.8713 dBm | Tput: 0 Mbps | Delay: 0 ms | Jitter: 0 ms | Drop: 84905
[INFO] Waktu: 162s | Jarak: 1619 m | RSSI: -81.8713 dBm | Tput: 0 Mbps | Delay: 0 ms | Jitter: 0 ms | Drop: 84882
[INFO] Waktu: 162.2s | Jarak: 1621 m | RSSI: -81.8713 dBm | Tput: 0 Mbps | Delay: 0 ms | Jitter: 0 ms | Drop: 84971
[INFO] Waktu: 162.4s | Jarak: 1623 m | RSSI: -81.8713 dBm | Tput: 0 Mbps | Delay: 0 ms | Jitter: 0 ms | Drop: 84889
[INFO] Waktu: 162.6s | Jarak: 1625 m | RSSI: -81.8713 dBm | Tput: 0 Mbps | Delay: 0 ms | Jitter: 0 ms | Drop: 84827
[INFO] Waktu: 162.8s | Jarak: 1627 m | RSSI: -81.8713 dBm | Tput: 0 Mbps | Delay: 0 ms | Jitter: 0 ms | Drop: 85011
[INFO] Waktu: 163s | Jarak: 1629 m | RSSI: -81.8713 dBm | Tput: 0 Mbps | Delay: 0 ms | Jitter: 0 ms | Drop: 84880
[INFO] Waktu: 163.2s | Jarak: 1631 m | RSSI: -81.8713 dBm | Tput: 0 Mbps | Delay: 0 ms | Jitter: 0 ms | Drop: 84936
[INFO] Waktu: 163.4s | Jarak: 1633 m | RSSI: -81.8713 dBm | Tput: 0 Mbps | Delay: 0 ms | Jitter: 0 ms | Drop: 84947
[INFO] Waktu: 163.6s | Jarak: 1635 m | RSSI: -81.8713 dBm | Tput: 0 Mbps | Delay: 0 ms | Jitter: 0 ms | Drop: 84866
[INFO] Waktu: 163.8s | Jarak: 1637 m | RSSI: -81.8713 dBm | Tput: 0 Mbps | Delay: 0 ms | Jitter: 0 ms | Drop: 84990
[INFO] Waktu: 164s | Jarak: 1639 m | RSSI: -81.8713 dBm | Tput: 0 Mbps | Delay: 0 ms | Jitter: 0 ms | Drop: 84901
[INFO] Waktu: 164.2s | Jarak: 1641 m | RSSI: -81.8713 dBm | Tput: 0 Mbps | Delay: 0 ms | Jitter: 0 ms | Drop: 84802
[INFO] Waktu: 164.4s | Jarak: 1643 m | RSSI: -81.8713 dBm | Tput: 0 Mbps | Delay: 0 ms | Jitter: 0 ms | Drop: 84924
[INFO] Waktu: 164.6s | Jarak: 1645 m | RSSI: -81.8713 dBm | Tput: 0 Mbps | Delay: 0 ms | Jitter: 0 ms | Drop: 84962
[INFO] Waktu: 164.8s | Jarak: 1647 m | RSSI: -81.8713 dBm | Tput: 0 Mbps | Delay: 0 ms | Jitter: 0 ms | Drop: 84947
[INFO] Waktu: 165s | Jarak: 1649 m | RSSI: -81.8713 dBm | Tput: 0 Mbps | Delay: 0 ms | Jitter: 0 ms | Drop: 84988
[INFO] Waktu: 165.2s | Jarak: 1651 m | RSSI: -81.8713 dBm | Tput: 0 Mbps | Delay: 0 ms | Jitter: 0 ms | Drop: 84912
[INFO] Waktu: 165.4s | Jarak: 1653 m | RSSI: -81.8713 dBm | Tput: 0 Mbps | Delay: 0 ms | Jitter: 0 ms | Drop: 84861
[INFO] Waktu: 165.6s | Jarak: 1655 m | RSSI: -81.8713 dBm | Tput: 0 Mbps | Delay: 0 ms | Jitter: 0 ms | Drop: 85009
[INFO] Waktu: 165.8s | Jarak: 1657 m | RSSI: -81.8713 dBm | Tput: 0 Mbps | Delay: 0 ms | Jitter: 0 ms | Drop: 84808
[INFO] Waktu: 166s | Jarak: 1659 m | RSSI: -81.8713 dBm | Tput: 0 Mbps | Delay: 0 ms | Jitter: 0 ms | Drop: 84909
[INFO] Waktu: 166.2s | Jarak: 1661 m | RSSI: -81.8713 dBm | Tput: 0 Mbps | Delay: 0 ms | Jitter: 0 ms | Drop: 84827
[INFO] Waktu: 166.4s | Jarak: 1663 m | RSSI: -81.8713 dBm | Tput: 0 Mbps | Delay: 0 ms | Jitter: 0 ms | Drop: 84887
[INFO] Waktu: 166.6s | Jarak: 1665 m | RSSI: -81.8713 dBm | Tput: 0 Mbps | Delay: 0 ms | Jitter: 0 ms | Drop: 84929
[INFO] Waktu: 166.8s | Jarak: 1667 m | RSSI: -81.8713 dBm | Tput: 0 Mbps | Delay: 0 ms | Jitter: 0 ms | Drop: 84939
[INFO] Waktu: 167s | Jarak: 1669 m | RSSI: -81.8713 dBm | Tput: 0 Mbps | Delay: 0 ms | Jitter: 0 ms | Drop: 84891
[INFO] Waktu: 167.2s | Jarak: 1671 m | RSSI: -81.8713 dBm | Tput: 0 Mbps | Delay: 0 ms | Jitter: 0 ms | Drop: 84889
[INFO] Waktu: 167.4s | Jarak: 1673 m | RSSI: -81.8713 dBm | Tput: 0 Mbps | Delay: 0 ms | Jitter: 0 ms | Drop: 84909
[INFO] Waktu: 167.6s | Jarak: 1675 m | RSSI: -81.8713 dBm | Tput: 0 Mbps | Delay: 0 ms | Jitter: 0 ms | Drop: 85006
[INFO] Waktu: 167.8s | Jarak: 1677 m | RSSI: -81.8713 dBm | Tput: 0 Mbps | Delay: 0 ms | Jitter: 0 ms | Drop: 84871
[INFO] Waktu: 168s | Jarak: 1679 m | RSSI: -81.8713 dBm | Tput: 0 Mbps | Delay: 0 ms | Jitter: 0 ms | Drop: 84880
[INFO] Waktu: 168.2s | Jarak: 1681 m | RSSI: -81.8713 dBm | Tput: 0 Mbps | Delay: 0 ms | Jitter: 0 ms | Drop: 84985
[INFO] Waktu: 168.4s | Jarak: 1683 m | RSSI: -81.8713 dBm | Tput: 0 Mbps | Delay: 0 ms | Jitter: 0 ms | Drop: 84871
[INFO] Waktu: 168.6s | Jarak: 1685 m | RSSI: -81.8713 dBm | Tput: 0 Mbps | Delay: 0 ms | Jitter: 0 ms | Drop: 84886
[INFO] Waktu: 168.8s | Jarak: 1687 m | RSSI: -81.8713 dBm | Tput: 0 Mbps | Delay: 0 ms | Jitter: 0 ms | Drop: 84909
[INFO] Waktu: 169s | Jarak: 1689 m | RSSI: -81.8713 dBm | Tput: 0 Mbps | Delay: 0 ms | Jitter: 0 ms | Drop: 84816
[INFO] Waktu: 169.2s | Jarak: 1691 m | RSSI: -81.8713 dBm | Tput: 0 Mbps | Delay: 0 ms | Jitter: 0 ms | Drop: 84844
[INFO] Waktu: 169.4s | Jarak: 1693 m | RSSI: -81.8713 dBm | Tput: 0 Mbps | Delay: 0 ms | Jitter: 0 ms | Drop: 84884
[INFO] Waktu: 169.6s | Jarak: 1695 m | RSSI: -81.8713 dBm | Tput: 0 Mbps | Delay: 0 ms | Jitter: 0 ms | Drop: 84957
[INFO] Waktu: 169.8s | Jarak: 1697 m | RSSI: -81.8713 dBm | Tput: 0 Mbps | Delay: 0 ms | Jitter: 0 ms | Drop: 85033
[INFO] Waktu: 170s | Jarak: 1699 m | RSSI: -81.8713 dBm | Tput: 0 Mbps | Delay: 0 ms | Jitter: 0 ms | Drop: 84983
[INFO] Waktu: 170.2s | Jarak: 1701 m | RSSI: -81.8713 dBm | Tput: 0 Mbps | Delay: 0 ms | Jitter: 0 ms | Drop: 84959
[INFO] Waktu: 170.4s | Jarak: 1703 m | RSSI: -81.8713 dBm | Tput: 0 Mbps | Delay: 0 ms | Jitter: 0 ms | Drop: 85002
[INFO] Waktu: 170.6s | Jarak: 1705 m | RSSI: -81.8713 dBm | Tput: 0 Mbps | Delay: 0 ms | Jitter: 0 ms | Drop: 84954
[INFO] Waktu: 170.8s | Jarak: 1707 m | RSSI: -81.8713 dBm | Tput: 0 Mbps | Delay: 0 ms | Jitter: 0 ms | Drop: 84893
[INFO] Waktu: 171s | Jarak: 1709 m | RSSI: -81.8713 dBm | Tput: 0 Mbps | Delay: 0 ms | Jitter: 0 ms | Drop: 84890
[INFO] Waktu: 171.2s | Jarak: 1711 m | RSSI: -81.8713 dBm | Tput: 0 Mbps | Delay: 0 ms | Jitter: 0 ms | Drop: 84898
[INFO] Waktu: 171.4s | Jarak: 1713 m | RSSI: -81.8713 dBm | Tput: 0 Mbps | Delay: 0 ms | Jitter: 0 ms | Drop: 84815
[INFO] Waktu: 171.6s | Jarak: 1715 m | RSSI: -81.8713 dBm | Tput: 0 Mbps | Delay: 0 ms | Jitter: 0 ms | Drop: 84909
[INFO] Waktu: 171.8s | Jarak: 1717 m | RSSI: -81.8713 dBm | Tput: 0 Mbps | Delay: 0 ms | Jitter: 0 ms | Drop: 85046
[INFO] Waktu: 172s | Jarak: 1719 m | RSSI: -81.8713 dBm | Tput: 0 Mbps | Delay: 0 ms | Jitter: 0 ms | Drop: 85020
[INFO] Waktu: 172.2s | Jarak: 1721 m | RSSI: -81.8713 dBm | Tput: 0 Mbps | Delay: 0 ms | Jitter: 0 ms | Drop: 84942
[INFO] Waktu: 172.4s | Jarak: 1723 m | RSSI: -81.8713 dBm | Tput: 0 Mbps | Delay: 0 ms | Jitter: 0 ms | Drop: 85020
[INFO] Waktu: 172.6s | Jarak: 1725 m | RSSI: -81.8713 dBm | Tput: 0 Mbps | Delay: 0 ms | Jitter: 0 ms | Drop: 84975
[INFO] Waktu: 172.8s | Jarak: 1727 m | RSSI: -81.8713 dBm | Tput: 0 Mbps | Delay: 0 ms | Jitter: 0 ms | Drop: 84901
[INFO] Waktu: 173s | Jarak: 1729 m | RSSI: -81.8713 dBm | Tput: 0 Mbps | Delay: 0 ms | Jitter: 0 ms | Drop: 84912
[INFO] Waktu: 173.2s | Jarak: 1731 m | RSSI: -81.8713 dBm | Tput: 0 Mbps | Delay: 0 ms | Jitter: 0 ms | Drop: 84926
[INFO] Waktu: 173.4s | Jarak: 1733 m | RSSI: -81.8713 dBm | Tput: 0 Mbps | Delay: 0 ms | Jitter: 0 ms | Drop: 84890
[INFO] Waktu: 173.6s | Jarak: 1735 m | RSSI: -81.8713 dBm | Tput: 0 Mbps | Delay: 0 ms | Jitter: 0 ms | Drop: 84901
[INFO] Waktu: 173.8s | Jarak: 1737 m | RSSI: -81.8713 dBm | Tput: 0 Mbps | Delay: 0 ms | Jitter: 0 ms | Drop: 84868
[INFO] Waktu: 174s | Jarak: 1739 m | RSSI: -81.8713 dBm | Tput: 0 Mbps | Delay: 0 ms | Jitter: 0 ms | Drop: 84910
[INFO] Waktu: 174.2s | Jarak: 1741 m | RSSI: -81.8713 dBm | Tput: 0 Mbps | Delay: 0 ms | Jitter: 0 ms | Drop: 84990
[INFO] Waktu: 174.4s | Jarak: 1743 m | RSSI: -81.8713 dBm | Tput: 0 Mbps | Delay: 0 ms | Jitter: 0 ms | Drop: 84867
[INFO] Waktu: 174.6s | Jarak: 1745 m | RSSI: -81.8713 dBm | Tput: 0 Mbps | Delay: 0 ms | Jitter: 0 ms | Drop: 84864
[INFO] Waktu: 174.8s | Jarak: 1747 m | RSSI: -81.8713 dBm | Tput: 0 Mbps | Delay: 0 ms | Jitter: 0 ms | Drop: 84896
[INFO] Waktu: 175s | Jarak: 1749 m | RSSI: -81.8713 dBm | Tput: 0 Mbps | Delay: 0 ms | Jitter: 0 ms | Drop: 84891
[INFO] Waktu: 175.2s | Jarak: 1751 m | RSSI: -81.8713 dBm | Tput: 0 Mbps | Delay: 0 ms | Jitter: 0 ms | Drop: 84930
[INFO] Waktu: 175.4s | Jarak: 1753 m | RSSI: -81.8713 dBm | Tput: 0 Mbps | Delay: 0 ms | Jitter: 0 ms | Drop: 84909
[INFO] Waktu: 175.6s | Jarak: 1755 m | RSSI: -81.8713 dBm | Tput: 0 Mbps | Delay: 0 ms | Jitter: 0 ms | Drop: 84920
[INFO] Waktu: 175.8s | Jarak: 1757 m | RSSI: -81.8713 dBm | Tput: 0 Mbps | Delay: 0 ms | Jitter: 0 ms | Drop: 84919
[INFO] Waktu: 176s | Jarak: 1759 m | RSSI: -81.8713 dBm | Tput: 0 Mbps | Delay: 0 ms | Jitter: 0 ms | Drop: 84983
[INFO] Waktu: 176.2s | Jarak: 1761 m | RSSI: -81.8713 dBm | Tput: 0 Mbps | Delay: 0 ms | Jitter: 0 ms | Drop: 84954
[INFO] Waktu: 176.4s | Jarak: 1763 m | RSSI: -81.8713 dBm | Tput: 0 Mbps | Delay: 0 ms | Jitter: 0 ms | Drop: 85017
[INFO] Waktu: 176.6s | Jarak: 1765 m | RSSI: -81.8713 dBm | Tput: 0 Mbps | Delay: 0 ms | Jitter: 0 ms | Drop: 84909
[INFO] Waktu: 176.8s | Jarak: 1767 m | RSSI: -81.8713 dBm | Tput: 0 Mbps | Delay: 0 ms | Jitter: 0 ms | Drop: 84917
[INFO] Waktu: 177s | Jarak: 1769 m | RSSI: -81.8713 dBm | Tput: 0 Mbps | Delay: 0 ms | Jitter: 0 ms | Drop: 85009
[INFO] Waktu: 177.2s | Jarak: 1771 m | RSSI: -81.8713 dBm | Tput: 0 Mbps | Delay: 0 ms | Jitter: 0 ms | Drop: 84943
[INFO] Waktu: 177.4s | Jarak: 1773 m | RSSI: -81.8713 dBm | Tput: 0 Mbps | Delay: 0 ms | Jitter: 0 ms | Drop: 84895
[INFO] Waktu: 177.6s | Jarak: 1775 m | RSSI: -81.8713 dBm | Tput: 0 Mbps | Delay: 0 ms | Jitter: 0 ms | Drop: 85004
[INFO] Waktu: 177.8s | Jarak: 1777 m | RSSI: -81.8713 dBm | Tput: 0 Mbps | Delay: 0 ms | Jitter: 0 ms | Drop: 84965
[INFO] Waktu: 178s | Jarak: 1779 m | RSSI: -81.8713 dBm | Tput: 0 Mbps | Delay: 0 ms | Jitter: 0 ms | Drop: 85007
[INFO] Waktu: 178.2s | Jarak: 1781 m | RSSI: -81.8713 dBm | Tput: 0 Mbps | Delay: 0 ms | Jitter: 0 ms | Drop: 84837
[INFO] Waktu: 178.4s | Jarak: 1783 m | RSSI: -81.8713 dBm | Tput: 0 Mbps | Delay: 0 ms | Jitter: 0 ms | Drop: 84964
[INFO] Waktu: 178.6s | Jarak: 1785 m | RSSI: -81.8713 dBm | Tput: 0 Mbps | Delay: 0 ms | Jitter: 0 ms | Drop: 84976
[INFO] Waktu: 178.8s | Jarak: 1787 m | RSSI: -81.8713 dBm | Tput: 0 Mbps | Delay: 0 ms | Jitter: 0 ms | Drop: 84956
[INFO] Waktu: 179s | Jarak: 1789 m | RSSI: -81.8713 dBm | Tput: 0 Mbps | Delay: 0 ms | Jitter: 0 ms | Drop: 84940
[INFO] Waktu: 179.2s | Jarak: 1791 m | RSSI: -81.8713 dBm | Tput: 0 Mbps | Delay: 0 ms | Jitter: 0 ms | Drop: 84848
[INFO] Waktu: 179.4s | Jarak: 1793 m | RSSI: -81.8713 dBm | Tput: 0 Mbps | Delay: 0 ms | Jitter: 0 ms | Drop: 84970
[INFO] Waktu: 179.6s | Jarak: 1795 m | RSSI: -81.8713 dBm | Tput: 0 Mbps | Delay: 0 ms | Jitter: 0 ms | Drop: 84851
[INFO] Waktu: 179.8s | Jarak: 1797 m | RSSI: -81.8713 dBm | Tput: 0 Mbps | Delay: 0 ms | Jitter: 0 ms | Drop: 84871
[INFO] Waktu: 180s | Jarak: 1799 m | RSSI: -81.8713 dBm | Tput: 0 Mbps | Delay: 0 ms | Jitter: 0 ms | Drop: 84952
[INFO] Waktu: 180.2s | Jarak: 1801 m | RSSI: -81.8713 dBm | Tput: 0 Mbps | Delay: 0 ms | Jitter: 0 ms | Drop: 84807
[INFO] Waktu: 180.4s | Jarak: 1803 m | RSSI: -81.8713 dBm | Tput: 0 Mbps | Delay: 0 ms | Jitter: 0 ms | Drop: 84899
[INFO] Waktu: 180.6s | Jarak: 1805 m | RSSI: -81.8713 dBm | Tput: 0 Mbps | Delay: 0 ms | Jitter: 0 ms | Drop: 84963
[INFO] Waktu: 180.8s | Jarak: 1807 m | RSSI: -81.8713 dBm | Tput: 0 Mbps | Delay: 0 ms | Jitter: 0 ms | Drop: 84944
[INFO] Waktu: 181s | Jarak: 1809 m | RSSI: -81.8713 dBm | Tput: 0 Mbps | Delay: 0 ms | Jitter: 0 ms | Drop: 84877
[INFO] Waktu: 181.2s | Jarak: 1811 m | RSSI: -81.8713 dBm | Tput: 0 Mbps | Delay: 0 ms | Jitter: 0 ms | Drop: 84931
[INFO] Waktu: 181.4s | Jarak: 1813 m | RSSI: -81.8713 dBm | Tput: 0 Mbps | Delay: 0 ms | Jitter: 0 ms | Drop: 85005
[INFO] Waktu: 181.6s | Jarak: 1815 m | RSSI: -81.8713 dBm | Tput: 0 Mbps | Delay: 0 ms | Jitter: 0 ms | Drop: 85011
[INFO] Waktu: 181.8s | Jarak: 1817 m | RSSI: -81.8713 dBm | Tput: 0 Mbps | Delay: 0 ms | Jitter: 0 ms | Drop: 85000
[INFO] Waktu: 182s | Jarak: 1819 m | RSSI: -81.8713 dBm | Tput: 0 Mbps | Delay: 0 ms | Jitter: 0 ms | Drop: 84875
[INFO] Waktu: 182.2s | Jarak: 1821 m | RSSI: -81.8713 dBm | Tput: 0 Mbps | Delay: 0 ms | Jitter: 0 ms | Drop: 84908
[INFO] Waktu: 182.4s | Jarak: 1823 m | RSSI: -81.8713 dBm | Tput: 0 Mbps | Delay: 0 ms | Jitter: 0 ms | Drop: 84973
[INFO] Waktu: 182.6s | Jarak: 1825 m | RSSI: -81.8713 dBm | Tput: 0 Mbps | Delay: 0 ms | Jitter: 0 ms | Drop: 84868
[INFO] Waktu: 182.8s | Jarak: 1827 m | RSSI: -81.8713 dBm | Tput: 0 Mbps | Delay: 0 ms | Jitter: 0 ms | Drop: 84848
[INFO] Waktu: 183s | Jarak: 1829 m | RSSI: -81.8713 dBm | Tput: 0 Mbps | Delay: 0 ms | Jitter: 0 ms | Drop: 84873
[INFO] Waktu: 183.2s | Jarak: 1831 m | RSSI: -81.8713 dBm | Tput: 0 Mbps | Delay: 0 ms | Jitter: 0 ms | Drop: 84867
[INFO] Waktu: 183.4s | Jarak: 1833 m | RSSI: -81.8713 dBm | Tput: 0 Mbps | Delay: 0 ms | Jitter: 0 ms | Drop: 84920
[INFO] Waktu: 183.6s | Jarak: 1835 m | RSSI: -81.8713 dBm | Tput: 0 Mbps | Delay: 0 ms | Jitter: 0 ms | Drop: 84933
[INFO] Waktu: 183.8s | Jarak: 1837 m | RSSI: -81.8713 dBm | Tput: 0 Mbps | Delay: 0 ms | Jitter: 0 ms | Drop: 84947
[INFO] Waktu: 184s | Jarak: 1839 m | RSSI: -81.8713 dBm | Tput: 0 Mbps | Delay: 0 ms | Jitter: 0 ms | Drop: 84874
[INFO] Waktu: 184.2s | Jarak: 1841 m | RSSI: -81.8713 dBm | Tput: 0 Mbps | Delay: 0 ms | Jitter: 0 ms | Drop: 84911
[INFO] Waktu: 184.4s | Jarak: 1843 m | RSSI: -81.8713 dBm | Tput: 0 Mbps | Delay: 0 ms | Jitter: 0 ms | Drop: 84988
[INFO] Waktu: 184.6s | Jarak: 1845 m | RSSI: -81.8713 dBm | Tput: 0 Mbps | Delay: 0 ms | Jitter: 0 ms | Drop: 85001
[INFO] Waktu: 184.8s | Jarak: 1847 m | RSSI: -81.8713 dBm | Tput: 0 Mbps | Delay: 0 ms | Jitter: 0 ms | Drop: 84946
[INFO] Waktu: 185s | Jarak: 1849 m | RSSI: -81.8713 dBm | Tput: 0 Mbps | Delay: 0 ms | Jitter: 0 ms | Drop: 85014
[INFO] Waktu: 185.2s | Jarak: 1851 m | RSSI: -81.8713 dBm | Tput: 0 Mbps | Delay: 0 ms | Jitter: 0 ms | Drop: 84875
[INFO] Waktu: 185.4s | Jarak: 1853 m | RSSI: -81.8713 dBm | Tput: 0 Mbps | Delay: 0 ms | Jitter: 0 ms | Drop: 84901
[INFO] Waktu: 185.6s | Jarak: 1855 m | RSSI: -81.8713 dBm | Tput: 0 Mbps | Delay: 0 ms | Jitter: 0 ms | Drop: 84982
[INFO] Waktu: 185.8s | Jarak: 1857 m | RSSI: -81.8713 dBm | Tput: 0 Mbps | Delay: 0 ms | Jitter: 0 ms | Drop: 84970
[INFO] Waktu: 186s | Jarak: 1859 m | RSSI: -81.8713 dBm | Tput: 0 Mbps | Delay: 0 ms | Jitter: 0 ms | Drop: 84840
[INFO] Waktu: 186.2s | Jarak: 1861 m | RSSI: -81.8713 dBm | Tput: 0 Mbps | Delay: 0 ms | Jitter: 0 ms | Drop: 84924
[INFO] Waktu: 186.4s | Jarak: 1863 m | RSSI: -81.8713 dBm | Tput: 0 Mbps | Delay: 0 ms | Jitter: 0 ms | Drop: 84791
[INFO] Waktu: 186.6s | Jarak: 1865 m | RSSI: -81.8713 dBm | Tput: 0 Mbps | Delay: 0 ms | Jitter: 0 ms | Drop: 84938
[INFO] Waktu: 186.8s | Jarak: 1867 m | RSSI: -81.8713 dBm | Tput: 0 Mbps | Delay: 0 ms | Jitter: 0 ms | Drop: 84985
[INFO] Waktu: 187s | Jarak: 1869 m | RSSI: -81.8713 dBm | Tput: 0 Mbps | Delay: 0 ms | Jitter: 0 ms | Drop: 84854
[INFO] Waktu: 187.2s | Jarak: 1871 m | RSSI: -81.8713 dBm | Tput: 0 Mbps | Delay: 0 ms | Jitter: 0 ms | Drop: 84973
[INFO] Waktu: 187.4s | Jarak: 1873 m | RSSI: -81.8713 dBm | Tput: 0 Mbps | Delay: 0 ms | Jitter: 0 ms | Drop: 84882
[INFO] Waktu: 187.6s | Jarak: 1875 m | RSSI: -81.8713 dBm | Tput: 0 Mbps | Delay: 0 ms | Jitter: 0 ms | Drop: 84901
[INFO] Waktu: 187.8s | Jarak: 1877 m | RSSI: -81.8713 dBm | Tput: 0 Mbps | Delay: 0 ms | Jitter: 0 ms | Drop: 85014
[INFO] Waktu: 188s | Jarak: 1879 m | RSSI: -81.8713 dBm | Tput: 0 Mbps | Delay: 0 ms | Jitter: 0 ms | Drop: 84976
[INFO] Waktu: 188.2s | Jarak: 1881 m | RSSI: -81.8713 dBm | Tput: 0 Mbps | Delay: 0 ms | Jitter: 0 ms | Drop: 85003
[INFO] Waktu: 188.4s | Jarak: 1883 m | RSSI: -81.8713 dBm | Tput: 0 Mbps | Delay: 0 ms | Jitter: 0 ms | Drop: 84903
[INFO] Waktu: 188.6s | Jarak: 1885 m | RSSI: -81.8713 dBm | Tput: 0 Mbps | Delay: 0 ms | Jitter: 0 ms | Drop: 84960
[INFO] Waktu: 188.8s | Jarak: 1887 m | RSSI: -81.8713 dBm | Tput: 0 Mbps | Delay: 0 ms | Jitter: 0 ms | Drop: 84950
[INFO] Waktu: 189s | Jarak: 1889 m | RSSI: -81.8713 dBm | Tput: 0 Mbps | Delay: 0 ms | Jitter: 0 ms | Drop: 84981
[INFO] Waktu: 189.2s | Jarak: 1891 m | RSSI: -81.8713 dBm | Tput: 0 Mbps | Delay: 0 ms | Jitter: 0 ms | Drop: 84957
[INFO] Waktu: 189.4s | Jarak: 1893 m | RSSI: -81.8713 dBm | Tput: 0 Mbps | Delay: 0 ms | Jitter: 0 ms | Drop: 84933
[INFO] Waktu: 189.6s | Jarak: 1895 m | RSSI: -81.8713 dBm | Tput: 0 Mbps | Delay: 0 ms | Jitter: 0 ms | Drop: 84961
[INFO] Waktu: 189.8s | Jarak: 1897 m | RSSI: -81.8713 dBm | Tput: 0 Mbps | Delay: 0 ms | Jitter: 0 ms | Drop: 84972
[INFO] Waktu: 190s | Jarak: 1899 m | RSSI: -81.8713 dBm | Tput: 0 Mbps | Delay: 0 ms | Jitter: 0 ms | Drop: 84850
[INFO] Waktu: 190.2s | Jarak: 1901 m | RSSI: -81.8713 dBm | Tput: 0 Mbps | Delay: 0 ms | Jitter: 0 ms | Drop: 84960
[INFO] Waktu: 190.4s | Jarak: 1903 m | RSSI: -81.8713 dBm | Tput: 0 Mbps | Delay: 0 ms | Jitter: 0 ms | Drop: 85008
[INFO] Waktu: 190.6s | Jarak: 1905 m | RSSI: -81.8713 dBm | Tput: 0 Mbps | Delay: 0 ms | Jitter: 0 ms | Drop: 84903
[INFO] Waktu: 190.8s | Jarak: 1907 m | RSSI: -81.8713 dBm | Tput: 0 Mbps | Delay: 0 ms | Jitter: 0 ms | Drop: 84914
[INFO] Waktu: 191s | Jarak: 1909 m | RSSI: -81.8713 dBm | Tput: 0 Mbps | Delay: 0 ms | Jitter: 0 ms | Drop: 84956
[INFO] Waktu: 191.2s | Jarak: 1911 m | RSSI: -81.8713 dBm | Tput: 0 Mbps | Delay: 0 ms | Jitter: 0 ms | Drop: 84960
[INFO] Waktu: 191.4s | Jarak: 1913 m | RSSI: -81.8713 dBm | Tput: 0 Mbps | Delay: 0 ms | Jitter: 0 ms | Drop: 84922
[INFO] Waktu: 191.6s | Jarak: 1915 m | RSSI: -81.8713 dBm | Tput: 0 Mbps | Delay: 0 ms | Jitter: 0 ms | Drop: 84896
[INFO] Waktu: 191.8s | Jarak: 1917 m | RSSI: -81.8713 dBm | Tput: 0 Mbps | Delay: 0 ms | Jitter: 0 ms | Drop: 84834
[INFO] Waktu: 192s | Jarak: 1919 m | RSSI: -81.8713 dBm | Tput: 0 Mbps | Delay: 0 ms | Jitter: 0 ms | Drop: 84857
[INFO] Waktu: 192.2s | Jarak: 1921 m | RSSI: -81.8713 dBm | Tput: 0 Mbps | Delay: 0 ms | Jitter: 0 ms | Drop: 84930
[INFO] Waktu: 192.4s | Jarak: 1923 m | RSSI: -81.8713 dBm | Tput: 0 Mbps | Delay: 0 ms | Jitter: 0 ms | Drop: 84732
[INFO] Waktu: 192.6s | Jarak: 1925 m | RSSI: -81.8713 dBm | Tput: 0 Mbps | Delay: 0 ms | Jitter: 0 ms | Drop: 84942
[INFO] Waktu: 192.8s | Jarak: 1927 m | RSSI: -81.8713 dBm | Tput: 0 Mbps | Delay: 0 ms | Jitter: 0 ms | Drop: 84972
[INFO] Waktu: 193s | Jarak: 1929 m | RSSI: -81.8713 dBm | Tput: 0 Mbps | Delay: 0 ms | Jitter: 0 ms | Drop: 84946
[INFO] Waktu: 193.2s | Jarak: 1931 m | RSSI: -81.8713 dBm | Tput: 0 Mbps | Delay: 0 ms | Jitter: 0 ms | Drop: 84969
[INFO] Waktu: 193.4s | Jarak: 1933 m | RSSI: -81.8713 dBm | Tput: 0 Mbps | Delay: 0 ms | Jitter: 0 ms | Drop: 84894
[INFO] Waktu: 193.6s | Jarak: 1935 m | RSSI: -81.8713 dBm | Tput: 0 Mbps | Delay: 0 ms | Jitter: 0 ms | Drop: 84963
[INFO] Waktu: 193.8s | Jarak: 1937 m | RSSI: -81.8713 dBm | Tput: 0 Mbps | Delay: 0 ms | Jitter: 0 ms | Drop: 84995
[INFO] Waktu: 194s | Jarak: 1939 m | RSSI: -81.8713 dBm | Tput: 0 Mbps | Delay: 0 ms | Jitter: 0 ms | Drop: 84981
[INFO] Waktu: 194.2s | Jarak: 1941 m | RSSI: -81.8713 dBm | Tput: 0 Mbps | Delay: 0 ms | Jitter: 0 ms | Drop: 84979
[INFO] Waktu: 194.4s | Jarak: 1943 m | RSSI: -81.8713 dBm | Tput: 0 Mbps | Delay: 0 ms | Jitter: 0 ms | Drop: 84927
[INFO] Waktu: 194.6s | Jarak: 1945 m | RSSI: -81.8713 dBm | Tput: 0 Mbps | Delay: 0 ms | Jitter: 0 ms | Drop: 84871
[INFO] Waktu: 194.8s | Jarak: 1947 m | RSSI: -81.8713 dBm | Tput: 0 Mbps | Delay: 0 ms | Jitter: 0 ms | Drop: 84916
[INFO] Waktu: 195s | Jarak: 1949 m | RSSI: -81.8713 dBm | Tput: 0 Mbps | Delay: 0 ms | Jitter: 0 ms | Drop: 84875
[INFO] Waktu: 195.2s | Jarak: 1951 m | RSSI: -81.8713 dBm | Tput: 0 Mbps | Delay: 0 ms | Jitter: 0 ms | Drop: 84909
[INFO] Waktu: 195.4s | Jarak: 1953 m | RSSI: -81.8713 dBm | Tput: 0 Mbps | Delay: 0 ms | Jitter: 0 ms | Drop: 84993
[INFO] Waktu: 195.6s | Jarak: 1955 m | RSSI: -81.8713 dBm | Tput: 0 Mbps | Delay: 0 ms | Jitter: 0 ms | Drop: 84847
[INFO] Waktu: 195.8s | Jarak: 1957 m | RSSI: -81.8713 dBm | Tput: 0 Mbps | Delay: 0 ms | Jitter: 0 ms | Drop: 84936
[INFO] Waktu: 196s | Jarak: 1959 m | RSSI: -81.8713 dBm | Tput: 0 Mbps | Delay: 0 ms | Jitter: 0 ms | Drop: 84985
[INFO] Waktu: 196.2s | Jarak: 1961 m | RSSI: -81.8713 dBm | Tput: 0 Mbps | Delay: 0 ms | Jitter: 0 ms | Drop: 84936
[INFO] Waktu: 196.4s | Jarak: 1963 m | RSSI: -81.8713 dBm | Tput: 0 Mbps | Delay: 0 ms | Jitter: 0 ms | Drop: 84970
[INFO] Waktu: 196.6s | Jarak: 1965 m | RSSI: -81.8713 dBm | Tput: 0 Mbps | Delay: 0 ms | Jitter: 0 ms | Drop: 85006
[INFO] Waktu: 196.8s | Jarak: 1967 m | RSSI: -81.8713 dBm | Tput: 0 Mbps | Delay: 0 ms | Jitter: 0 ms | Drop: 84932
[INFO] Waktu: 197s | Jarak: 1969 m | RSSI: -81.8713 dBm | Tput: 0 Mbps | Delay: 0 ms | Jitter: 0 ms | Drop: 85001
[INFO] Waktu: 197.2s | Jarak: 1971 m | RSSI: -81.8713 dBm | Tput: 0 Mbps | Delay: 0 ms | Jitter: 0 ms | Drop: 84899
[INFO] Waktu: 197.4s | Jarak: 1973 m | RSSI: -81.8713 dBm | Tput: 0 Mbps | Delay: 0 ms | Jitter: 0 ms | Drop: 85016
[INFO] Waktu: 197.6s | Jarak: 1975 m | RSSI: -81.8713 dBm | Tput: 0 Mbps | Delay: 0 ms | Jitter: 0 ms | Drop: 84843
[INFO] Waktu: 197.8s | Jarak: 1977 m | RSSI: -81.8713 dBm | Tput: 0 Mbps | Delay: 0 ms | Jitter: 0 ms | Drop: 84855
[INFO] Waktu: 198s | Jarak: 1979 m | RSSI: -81.8713 dBm | Tput: 0 Mbps | Delay: 0 ms | Jitter: 0 ms | Drop: 84871
[INFO] Waktu: 198.2s | Jarak: 1981 m | RSSI: -81.8713 dBm | Tput: 0 Mbps | Delay: 0 ms | Jitter: 0 ms | Drop: 84910
[INFO] Waktu: 198.4s | Jarak: 1983 m | RSSI: -81.8713 dBm | Tput: 0 Mbps | Delay: 0 ms | Jitter: 0 ms | Drop: 84895
[INFO] Waktu: 198.6s | Jarak: 1985 m | RSSI: -81.8713 dBm | Tput: 0 Mbps | Delay: 0 ms | Jitter: 0 ms | Drop: 84926
[INFO] Waktu: 198.8s | Jarak: 1987 m | RSSI: -81.8713 dBm | Tput: 0 Mbps | Delay: 0 ms | Jitter: 0 ms | Drop: 84892
[INFO] Waktu: 199s | Jarak: 1989 m | RSSI: -81.8713 dBm | Tput: 0 Mbps | Delay: 0 ms | Jitter: 0 ms | Drop: 84899
[INFO] Waktu: 199.2s | Jarak: 1991 m | RSSI: -81.8713 dBm | Tput: 0 Mbps | Delay: 0 ms | Jitter: 0 ms | Drop: 84957
[INFO] Waktu: 199.4s | Jarak: 1993 m | RSSI: -81.8713 dBm | Tput: 0 Mbps | Delay: 0 ms | Jitter: 0 ms | Drop: 84917
[INFO] Waktu: 199.6s | Jarak: 1995 m | RSSI: -81.8713 dBm | Tput: 0 Mbps | Delay: 0 ms | Jitter: 0 ms | Drop: 84972
[INFO] Waktu: 199.8s | Jarak: 1997 m | RSSI: -81.8713 dBm | Tput: 0 Mbps | Delay: 0 ms | Jitter: 0 ms | Drop: 84915
[INFO] Waktu: 200s | Jarak: 1999 m | RSSI: -81.8713 dBm | Tput: 0 Mbps | Delay: 0 ms | Jitter: 0 ms | Drop: 84981
[INFO] Waktu: 200.2s | Jarak: 2001 m | RSSI: -81.8713 dBm | Tput: 0 Mbps | Delay: 0 ms | Jitter: 0 ms | Drop: 84951
[INFO] Waktu: 200.4s | Jarak: 2003 m | RSSI: -81.8713 dBm | Tput: 0 Mbps | Delay: 0 ms | Jitter: 0 ms | Drop: 84855
[INFO] Waktu: 200.6s | Jarak: 2005 m | RSSI: -81.8713 dBm | Tput: 0 Mbps | Delay: 0 ms | Jitter: 0 ms | Drop: 84924
[INFO] Waktu: 200.8s | Jarak: 2007 m | RSSI: -81.8713 dBm | Tput: 0 Mbps | Delay: 0 ms | Jitter: 0 ms | Drop: 84885
[INFO] Waktu: 201s | Jarak: 2009 m | RSSI: -81.8713 dBm | Tput: 0 Mbps | Delay: 0 ms | Jitter: 0 ms | Drop: 84961
[INFO] Waktu: 201.2s | Jarak: 2011 m | RSSI: -81.8713 dBm | Tput: 0 Mbps | Delay: 0 ms | Jitter: 0 ms | Drop: 84829
[INFO] Waktu: 201.4s | Jarak: 2013 m | RSSI: -81.8713 dBm | Tput: 0 Mbps | Delay: 0 ms | Jitter: 0 ms | Drop: 84874
[INFO] Waktu: 201.6s | Jarak: 2015 m | RSSI: -81.8713 dBm | Tput: 0 Mbps | Delay: 0 ms | Jitter: 0 ms | Drop: 84939
[INFO] Waktu: 201.8s | Jarak: 2017 m | RSSI: -81.8713 dBm | Tput: 0 Mbps | Delay: 0 ms | Jitter: 0 ms | Drop: 84805
[INFO] Waktu: 202s | Jarak: 2019 m | RSSI: -81.8713 dBm | Tput: 0 Mbps | Delay: 0 ms | Jitter: 0 ms | Drop: 85036
[INFO] Waktu: 202.2s | Jarak: 2021 m | RSSI: -81.8713 dBm | Tput: 0 Mbps | Delay: 0 ms | Jitter: 0 ms | Drop: 84968
[INFO] Waktu: 202.4s | Jarak: 2023 m | RSSI: -81.8713 dBm | Tput: 0 Mbps | Delay: 0 ms | Jitter: 0 ms | Drop: 84994
[INFO] Waktu: 202.6s | Jarak: 2025 m | RSSI: -81.8713 dBm | Tput: 0 Mbps | Delay: 0 ms | Jitter: 0 ms | Drop: 84955
[INFO] Waktu: 202.8s | Jarak: 2027 m | RSSI: -81.8713 dBm | Tput: 0 Mbps | Delay: 0 ms | Jitter: 0 ms | Drop: 84907
[INFO] Waktu: 203s | Jarak: 2029 m | RSSI: -81.8713 dBm | Tput: 0 Mbps | Delay: 0 ms | Jitter: 0 ms | Drop: 85034
[INFO] Waktu: 203.2s | Jarak: 2031 m | RSSI: -81.8713 dBm | Tput: 0 Mbps | Delay: 0 ms | Jitter: 0 ms | Drop: 84817
[INFO] Waktu: 203.4s | Jarak: 2033 m | RSSI: -81.8713 dBm | Tput: 0 Mbps | Delay: 0 ms | Jitter: 0 ms | Drop: 84889
[INFO] Waktu: 203.6s | Jarak: 2035 m | RSSI: -81.8713 dBm | Tput: 0 Mbps | Delay: 0 ms | Jitter: 0 ms | Drop: 84905
[INFO] Waktu: 203.8s | Jarak: 2037 m | RSSI: -81.8713 dBm | Tput: 0 Mbps | Delay: 0 ms | Jitter: 0 ms | Drop: 84874
[INFO] Waktu: 204s | Jarak: 2039 m | RSSI: -81.8713 dBm | Tput: 0 Mbps | Delay: 0 ms | Jitter: 0 ms | Drop: 84809
[INFO] Waktu: 204.2s | Jarak: 2041 m | RSSI: -81.8713 dBm | Tput: 0 Mbps | Delay: 0 ms | Jitter: 0 ms | Drop: 84861
[INFO] Waktu: 204.4s | Jarak: 2043 m | RSSI: -81.8713 dBm | Tput: 0 Mbps | Delay: 0 ms | Jitter: 0 ms | Drop: 84863
[INFO] Waktu: 204.6s | Jarak: 2045 m | RSSI: -81.8713 dBm | Tput: 0 Mbps | Delay: 0 ms | Jitter: 0 ms | Drop: 84915
[INFO] Waktu: 204.8s | Jarak: 2047 m | RSSI: -81.8713 dBm | Tput: 0 Mbps | Delay: 0 ms | Jitter: 0 ms | Drop: 84941
[INFO] Waktu: 205s | Jarak: 2049 m | RSSI: -81.8713 dBm | Tput: 0 Mbps | Delay: 0 ms | Jitter: 0 ms | Drop: 84985
[INFO] Waktu: 205.2s | Jarak: 2051 m | RSSI: -81.8713 dBm | Tput: 0 Mbps | Delay: 0 ms | Jitter: 0 ms | Drop: 85035
[INFO] Waktu: 205.4s | Jarak: 2053 m | RSSI: -81.8713 dBm | Tput: 0 Mbps | Delay: 0 ms | Jitter: 0 ms | Drop: 84921
[INFO] Waktu: 205.6s | Jarak: 2055 m | RSSI: -81.8713 dBm | Tput: 0 Mbps | Delay: 0 ms | Jitter: 0 ms | Drop: 84965
[INFO] Waktu: 205.8s | Jarak: 2057 m | RSSI: -81.8713 dBm | Tput: 0 Mbps | Delay: 0 ms | Jitter: 0 ms | Drop: 84882
[INFO] Waktu: 206s | Jarak: 2059 m | RSSI: -81.8713 dBm | Tput: 0 Mbps | Delay: 0 ms | Jitter: 0 ms | Drop: 84921
[INFO] Waktu: 206.2s | Jarak: 2061 m | RSSI: -81.8713 dBm | Tput: 0 Mbps | Delay: 0 ms | Jitter: 0 ms | Drop: 84913
[INFO] Waktu: 206.4s | Jarak: 2063 m | RSSI: -81.8713 dBm | Tput: 0 Mbps | Delay: 0 ms | Jitter: 0 ms | Drop: 84958
[INFO] Waktu: 206.6s | Jarak: 2065 m | RSSI: -81.8713 dBm | Tput: 0 Mbps | Delay: 0 ms | Jitter: 0 ms | Drop: 84886
[INFO] Waktu: 206.8s | Jarak: 2067 m | RSSI: -81.8713 dBm | Tput: 0 Mbps | Delay: 0 ms | Jitter: 0 ms | Drop: 84886
[INFO] Waktu: 207s | Jarak: 2069 m | RSSI: -81.8713 dBm | Tput: 0 Mbps | Delay: 0 ms | Jitter: 0 ms | Drop: 84931
[INFO] Waktu: 207.2s | Jarak: 2071 m | RSSI: -81.8713 dBm | Tput: 0 Mbps | Delay: 0 ms | Jitter: 0 ms | Drop: 84863
[INFO] Waktu: 207.4s | Jarak: 2073 m | RSSI: -81.8713 dBm | Tput: 0 Mbps | Delay: 0 ms | Jitter: 0 ms | Drop: 84896
[INFO] Waktu: 207.6s | Jarak: 2075 m | RSSI: -81.8713 dBm | Tput: 0 Mbps | Delay: 0 ms | Jitter: 0 ms | Drop: 84997
[INFO] Waktu: 207.8s | Jarak: 2077 m | RSSI: -81.8713 dBm | Tput: 0 Mbps | Delay: 0 ms | Jitter: 0 ms | Drop: 84945
[INFO] Waktu: 208s | Jarak: 2079 m | RSSI: -81.8713 dBm | Tput: 0 Mbps | Delay: 0 ms | Jitter: 0 ms | Drop: 84854
[INFO] Waktu: 208.2s | Jarak: 2081 m | RSSI: -81.8713 dBm | Tput: 0 Mbps | Delay: 0 ms | Jitter: 0 ms | Drop: 84854
[INFO] Waktu: 208.4s | Jarak: 2083 m | RSSI: -81.8713 dBm | Tput: 0 Mbps | Delay: 0 ms | Jitter: 0 ms | Drop: 84931
[INFO] Waktu: 208.6s | Jarak: 2085 m | RSSI: -81.8713 dBm | Tput: 0 Mbps | Delay: 0 ms | Jitter: 0 ms | Drop: 84943
[INFO] Waktu: 208.8s | Jarak: 2087 m | RSSI: -81.8713 dBm | Tput: 0 Mbps | Delay: 0 ms | Jitter: 0 ms | Drop: 84946
[INFO] Waktu: 209s | Jarak: 2089 m | RSSI: -81.8713 dBm | Tput: 0 Mbps | Delay: 0 ms | Jitter: 0 ms | Drop: 84956
[INFO] Waktu: 209.2s | Jarak: 2091 m | RSSI: -81.8713 dBm | Tput: 0 Mbps | Delay: 0 ms | Jitter: 0 ms | Drop: 84981
[INFO] Waktu: 209.4s | Jarak: 2093 m | RSSI: -81.8713 dBm | Tput: 0 Mbps | Delay: 0 ms | Jitter: 0 ms | Drop: 84878
[INFO] Waktu: 209.6s | Jarak: 2095 m | RSSI: -81.8713 dBm | Tput: 0 Mbps | Delay: 0 ms | Jitter: 0 ms | Drop: 84932
[INFO] Waktu: 209.8s | Jarak: 2097 m | RSSI: -81.8713 dBm | Tput: 0 Mbps | Delay: 0 ms | Jitter: 0 ms | Drop: 84839
[INFO] Waktu: 210s | Jarak: 2099 m | RSSI: -81.8713 dBm | Tput: 0 Mbps | Delay: 0 ms | Jitter: 0 ms | Drop: 84931
[INFO] Waktu: 210.2s | Jarak: 2101 m | RSSI: -81.8713 dBm | Tput: 0 Mbps | Delay: 0 ms | Jitter: 0 ms | Drop: 84899
[INFO] Waktu: 210.4s | Jarak: 2103 m | RSSI: -81.8713 dBm | Tput: 0 Mbps | Delay: 0 ms | Jitter: 0 ms | Drop: 84973
[INFO] Waktu: 210.6s | Jarak: 2105 m | RSSI: -81.8713 dBm | Tput: 0 Mbps | Delay: 0 ms | Jitter: 0 ms | Drop: 84925
[INFO] Waktu: 210.8s | Jarak: 2107 m | RSSI: -81.8713 dBm | Tput: 0 Mbps | Delay: 0 ms | Jitter: 0 ms | Drop: 84946
[INFO] Waktu: 211s | Jarak: 2109 m | RSSI: -81.8713 dBm | Tput: 0 Mbps | Delay: 0 ms | Jitter: 0 ms | Drop: 84883
[INFO] Waktu: 211.2s | Jarak: 2111 m | RSSI: -81.8713 dBm | Tput: 0 Mbps | Delay: 0 ms | Jitter: 0 ms | Drop: 84985
[INFO] Waktu: 211.4s | Jarak: 2113 m | RSSI: -81.8713 dBm | Tput: 0 Mbps | Delay: 0 ms | Jitter: 0 ms | Drop: 84970
[INFO] Waktu: 211.6s | Jarak: 2115 m | RSSI: -81.8713 dBm | Tput: 0 Mbps | Delay: 0 ms | Jitter: 0 ms | Drop: 84865
[INFO] Waktu: 211.8s | Jarak: 2117 m | RSSI: -81.8713 dBm | Tput: 0 Mbps | Delay: 0 ms | Jitter: 0 ms | Drop: 85050
[INFO] Waktu: 212s | Jarak: 2119 m | RSSI: -81.8713 dBm | Tput: 0 Mbps | Delay: 0 ms | Jitter: 0 ms | Drop: 84829
[INFO] Waktu: 212.2s | Jarak: 2121 m | RSSI: -81.8713 dBm | Tput: 0 Mbps | Delay: 0 ms | Jitter: 0 ms | Drop: 84865
[INFO] Waktu: 212.4s | Jarak: 2123 m | RSSI: -81.8713 dBm | Tput: 0 Mbps | Delay: 0 ms | Jitter: 0 ms | Drop: 84918
[INFO] Waktu: 212.6s | Jarak: 2125 m | RSSI: -81.8713 dBm | Tput: 0 Mbps | Delay: 0 ms | Jitter: 0 ms | Drop: 84918
[INFO] Waktu: 212.8s | Jarak: 2127 m | RSSI: -81.8713 dBm | Tput: 0 Mbps | Delay: 0 ms | Jitter: 0 ms | Drop: 84927
[INFO] Waktu: 213s | Jarak: 2129 m | RSSI: -81.8713 dBm | Tput: 0 Mbps | Delay: 0 ms | Jitter: 0 ms | Drop: 84900
[INFO] Waktu: 213.2s | Jarak: 2131 m | RSSI: -81.8713 dBm | Tput: 0 Mbps | Delay: 0 ms | Jitter: 0 ms | Drop: 85024
[INFO] Waktu: 213.4s | Jarak: 2133 m | RSSI: -81.8713 dBm | Tput: 0 Mbps | Delay: 0 ms | Jitter: 0 ms | Drop: 85026
[INFO] Waktu: 213.6s | Jarak: 2135 m | RSSI: -81.8713 dBm | Tput: 0 Mbps | Delay: 0 ms | Jitter: 0 ms | Drop: 84994
[INFO] Waktu: 213.8s | Jarak: 2137 m | RSSI: -81.8713 dBm | Tput: 0 Mbps | Delay: 0 ms | Jitter: 0 ms | Drop: 84945
[INFO] Waktu: 214s | Jarak: 2139 m | RSSI: -81.8713 dBm | Tput: 0 Mbps | Delay: 0 ms | Jitter: 0 ms | Drop: 85154
[INFO] Waktu: 214.2s | Jarak: 2141 m | RSSI: -81.8713 dBm | Tput: 0 Mbps | Delay: 0 ms | Jitter: 0 ms | Drop: 85016
[INFO] Waktu: 214.4s | Jarak: 2143 m | RSSI: -81.8713 dBm | Tput: 0 Mbps | Delay: 0 ms | Jitter: 0 ms | Drop: 85020
[INFO] Waktu: 214.6s | Jarak: 2145 m | RSSI: -81.8713 dBm | Tput: 0 Mbps | Delay: 0 ms | Jitter: 0 ms | Drop: 84995
[INFO] Waktu: 214.8s | Jarak: 2147 m | RSSI: -81.8713 dBm | Tput: 0 Mbps | Delay: 0 ms | Jitter: 0 ms | Drop: 84862
[INFO] Waktu: 215s | Jarak: 2149 m | RSSI: -81.8713 dBm | Tput: 0 Mbps | Delay: 0 ms | Jitter: 0 ms | Drop: 84832
[INFO] Waktu: 215.2s | Jarak: 2151 m | RSSI: -81.8713 dBm | Tput: 0 Mbps | Delay: 0 ms | Jitter: 0 ms | Drop: 84943
[INFO] Waktu: 215.4s | Jarak: 2153 m | RSSI: -81.8713 dBm | Tput: 0 Mbps | Delay: 0 ms | Jitter: 0 ms | Drop: 84913
[INFO] Waktu: 215.6s | Jarak: 2155 m | RSSI: -81.8713 dBm | Tput: 0 Mbps | Delay: 0 ms | Jitter: 0 ms | Drop: 84912
[INFO] Waktu: 215.8s | Jarak: 2157 m | RSSI: -81.8713 dBm | Tput: 0 Mbps | Delay: 0 ms | Jitter: 0 ms | Drop: 84918
[INFO] Waktu: 216s | Jarak: 2159 m | RSSI: -81.8713 dBm | Tput: 0 Mbps | Delay: 0 ms | Jitter: 0 ms | Drop: 84967
[INFO] Waktu: 216.2s | Jarak: 2161 m | RSSI: -81.8713 dBm | Tput: 0 Mbps | Delay: 0 ms | Jitter: 0 ms | Drop: 84941
[INFO] Waktu: 216.4s | Jarak: 2163 m | RSSI: -81.8713 dBm | Tput: 0 Mbps | Delay: 0 ms | Jitter: 0 ms | Drop: 85007
[INFO] Waktu: 216.6s | Jarak: 2165 m | RSSI: -81.8713 dBm | Tput: 0 Mbps | Delay: 0 ms | Jitter: 0 ms | Drop: 84895
[INFO] Waktu: 216.8s | Jarak: 2167 m | RSSI: -81.8713 dBm | Tput: 0 Mbps | Delay: 0 ms | Jitter: 0 ms | Drop: 84886
[INFO] Waktu: 217s | Jarak: 2169 m | RSSI: -81.8713 dBm | Tput: 0 Mbps | Delay: 0 ms | Jitter: 0 ms | Drop: 84937
[INFO] Waktu: 217.2s | Jarak: 2171 m | RSSI: -81.8713 dBm | Tput: 0 Mbps | Delay: 0 ms | Jitter: 0 ms | Drop: 84891
[INFO] Waktu: 217.4s | Jarak: 2173 m | RSSI: -81.8713 dBm | Tput: 0 Mbps | Delay: 0 ms | Jitter: 0 ms | Drop: 84960
[INFO] Waktu: 217.6s | Jarak: 2175 m | RSSI: -81.8713 dBm | Tput: 0 Mbps | Delay: 0 ms | Jitter: 0 ms | Drop: 84880
[INFO] Waktu: 217.8s | Jarak: 2177 m | RSSI: -81.8713 dBm | Tput: 0 Mbps | Delay: 0 ms | Jitter: 0 ms | Drop: 84902
[INFO] Waktu: 218s | Jarak: 2179 m | RSSI: -81.8713 dBm | Tput: 0 Mbps | Delay: 0 ms | Jitter: 0 ms | Drop: 84947
[INFO] Waktu: 218.2s | Jarak: 2181 m | RSSI: -81.8713 dBm | Tput: 0 Mbps | Delay: 0 ms | Jitter: 0 ms | Drop: 85022
[INFO] Waktu: 218.4s | Jarak: 2183 m | RSSI: -81.8713 dBm | Tput: 0 Mbps | Delay: 0 ms | Jitter: 0 ms | Drop: 84947
[INFO] Waktu: 218.6s | Jarak: 2185 m | RSSI: -81.8713 dBm | Tput: 0 Mbps | Delay: 0 ms | Jitter: 0 ms | Drop: 84838
[INFO] Waktu: 218.8s | Jarak: 2187 m | RSSI: -81.8713 dBm | Tput: 0 Mbps | Delay: 0 ms | Jitter: 0 ms | Drop: 84880
[INFO] Waktu: 219s | Jarak: 2189 m | RSSI: -81.8713 dBm | Tput: 0 Mbps | Delay: 0 ms | Jitter: 0 ms | Drop: 84942
[INFO] Waktu: 219.2s | Jarak: 2191 m | RSSI: -81.8713 dBm | Tput: 0 Mbps | Delay: 0 ms | Jitter: 0 ms | Drop: 84867
[INFO] Waktu: 219.4s | Jarak: 2193 m | RSSI: -81.8713 dBm | Tput: 0 Mbps | Delay: 0 ms | Jitter: 0 ms | Drop: 85040
[INFO] Waktu: 219.6s | Jarak: 2195 m | RSSI: -81.8713 dBm | Tput: 0 Mbps | Delay: 0 ms | Jitter: 0 ms | Drop: 84974
[INFO] Waktu: 219.8s | Jarak: 2197 m | RSSI: -81.8713 dBm | Tput: 0 Mbps | Delay: 0 ms | Jitter: 0 ms | Drop: 84914
[INFO] Waktu: 220s | Jarak: 2199 m | RSSI: -81.8713 dBm | Tput: 0 Mbps | Delay: 0 ms | Jitter: 0 ms | Drop: 84913
[INFO] Waktu: 220.2s | Jarak: 2201 m | RSSI: -81.8713 dBm | Tput: 0 Mbps | Delay: 0 ms | Jitter: 0 ms | Drop: 85053
[INFO] Waktu: 220.4s | Jarak: 2203 m | RSSI: -81.8713 dBm | Tput: 0 Mbps | Delay: 0 ms | Jitter: 0 ms | Drop: 84885
[INFO] Waktu: 220.6s | Jarak: 2205 m | RSSI: -81.8713 dBm | Tput: 0 Mbps | Delay: 0 ms | Jitter: 0 ms | Drop: 84885
[INFO] Waktu: 220.8s | Jarak: 2207 m | RSSI: -81.8713 dBm | Tput: 0 Mbps | Delay: 0 ms | Jitter: 0 ms | Drop: 84983
[INFO] Waktu: 221s | Jarak: 2209 m | RSSI: -81.8713 dBm | Tput: 0 Mbps | Delay: 0 ms | Jitter: 0 ms | Drop: 84946
[INFO] Waktu: 221.2s | Jarak: 2211 m | RSSI: -81.8713 dBm | Tput: 0 Mbps | Delay: 0 ms | Jitter: 0 ms | Drop: 84955
[INFO] Waktu: 221.4s | Jarak: 2213 m | RSSI: -81.8713 dBm | Tput: 0 Mbps | Delay: 0 ms | Jitter: 0 ms | Drop: 84987
[INFO] Waktu: 221.6s | Jarak: 2215 m | RSSI: -81.8713 dBm | Tput: 0 Mbps | Delay: 0 ms | Jitter: 0 ms | Drop: 84877
[INFO] Waktu: 221.8s | Jarak: 2217 m | RSSI: -81.8713 dBm | Tput: 0 Mbps | Delay: 0 ms | Jitter: 0 ms | Drop: 84848
[INFO] Waktu: 222s | Jarak: 2219 m | RSSI: -81.8713 dBm | Tput: 0 Mbps | Delay: 0 ms | Jitter: 0 ms | Drop: 84981
[INFO] Waktu: 222.2s | Jarak: 2221 m | RSSI: -81.8713 dBm | Tput: 0 Mbps | Delay: 0 ms | Jitter: 0 ms | Drop: 84847
[INFO] Waktu: 222.4s | Jarak: 2223 m | RSSI: -81.8713 dBm | Tput: 0 Mbps | Delay: 0 ms | Jitter: 0 ms | Drop: 85020
[INFO] Waktu: 222.6s | Jarak: 2225 m | RSSI: -81.8713 dBm | Tput: 0 Mbps | Delay: 0 ms | Jitter: 0 ms | Drop: 84887
[INFO] Waktu: 222.8s | Jarak: 2227 m | RSSI: -81.8713 dBm | Tput: 0 Mbps | Delay: 0 ms | Jitter: 0 ms | Drop: 84982
[INFO] Waktu: 223s | Jarak: 2229 m | RSSI: -81.8713 dBm | Tput: 0 Mbps | Delay: 0 ms | Jitter: 0 ms | Drop: 84855
[INFO] Waktu: 223.2s | Jarak: 2231 m | RSSI: -81.8713 dBm | Tput: 0 Mbps | Delay: 0 ms | Jitter: 0 ms | Drop: 84918
[INFO] Waktu: 223.4s | Jarak: 2233 m | RSSI: -81.8713 dBm | Tput: 0 Mbps | Delay: 0 ms | Jitter: 0 ms | Drop: 84920
[INFO] Waktu: 223.6s | Jarak: 2235 m | RSSI: -81.8713 dBm | Tput: 0 Mbps | Delay: 0 ms | Jitter: 0 ms | Drop: 84879
[INFO] Waktu: 223.8s | Jarak: 2237 m | RSSI: -81.8713 dBm | Tput: 0 Mbps | Delay: 0 ms | Jitter: 0 ms | Drop: 84896
[INFO] Waktu: 224s | Jarak: 2239 m | RSSI: -81.8713 dBm | Tput: 0 Mbps | Delay: 0 ms | Jitter: 0 ms | Drop: 84803
[INFO] Waktu: 224.2s | Jarak: 2241 m | RSSI: -81.8713 dBm | Tput: 0 Mbps | Delay: 0 ms | Jitter: 0 ms | Drop: 84758
[INFO] Waktu: 224.4s | Jarak: 2243 m | RSSI: -81.8713 dBm | Tput: 0 Mbps | Delay: 0 ms | Jitter: 0 ms | Drop: 84922
[INFO] Waktu: 224.6s | Jarak: 2245 m | RSSI: -81.8713 dBm | Tput: 0 Mbps | Delay: 0 ms | Jitter: 0 ms | Drop: 84845
[INFO] Waktu: 224.8s | Jarak: 2247 m | RSSI: -81.8713 dBm | Tput: 0 Mbps | Delay: 0 ms | Jitter: 0 ms | Drop: 84880
[INFO] Waktu: 225s | Jarak: 2249 m | RSSI: -81.8713 dBm | Tput: 0 Mbps | Delay: 0 ms | Jitter: 0 ms | Drop: 84928
[INFO] Waktu: 225.2s | Jarak: 2251 m | RSSI: -81.8713 dBm | Tput: 0 Mbps | Delay: 0 ms | Jitter: 0 ms | Drop: 84833
[INFO] Waktu: 225.4s | Jarak: 2253 m | RSSI: -81.8713 dBm | Tput: 0 Mbps | Delay: 0 ms | Jitter: 0 ms | Drop: 84958
[INFO] Waktu: 225.6s | Jarak: 2255 m | RSSI: -81.8713 dBm | Tput: 0 Mbps | Delay: 0 ms | Jitter: 0 ms | Drop: 84953
[INFO] Waktu: 225.8s | Jarak: 2257 m | RSSI: -81.8713 dBm | Tput: 0 Mbps | Delay: 0 ms | Jitter: 0 ms | Drop: 84941
[INFO] Waktu: 226s | Jarak: 2259 m | RSSI: -81.8713 dBm | Tput: 0 Mbps | Delay: 0 ms | Jitter: 0 ms | Drop: 84934
[INFO] Waktu: 226.2s | Jarak: 2261 m | RSSI: -81.8713 dBm | Tput: 0 Mbps | Delay: 0 ms | Jitter: 0 ms | Drop: 84904
[INFO] Waktu: 226.4s | Jarak: 2263 m | RSSI: -81.8713 dBm | Tput: 0 Mbps | Delay: 0 ms | Jitter: 0 ms | Drop: 84808
[INFO] Waktu: 226.6s | Jarak: 2265 m | RSSI: -81.8713 dBm | Tput: 0 Mbps | Delay: 0 ms | Jitter: 0 ms | Drop: 84973
[INFO] Waktu: 226.8s | Jarak: 2267 m | RSSI: -81.8713 dBm | Tput: 0 Mbps | Delay: 0 ms | Jitter: 0 ms | Drop: 84877
[INFO] Waktu: 227s | Jarak: 2269 m | RSSI: -81.8713 dBm | Tput: 0 Mbps | Delay: 0 ms | Jitter: 0 ms | Drop: 84959
[INFO] Waktu: 227.2s | Jarak: 2271 m | RSSI: -81.8713 dBm | Tput: 0 Mbps | Delay: 0 ms | Jitter: 0 ms | Drop: 85046
[INFO] Waktu: 227.4s | Jarak: 2273 m | RSSI: -81.8713 dBm | Tput: 0 Mbps | Delay: 0 ms | Jitter: 0 ms | Drop: 84972
[INFO] Waktu: 227.6s | Jarak: 2275 m | RSSI: -81.8713 dBm | Tput: 0 Mbps | Delay: 0 ms | Jitter: 0 ms | Drop: 84971
[INFO] Waktu: 227.8s | Jarak: 2277 m | RSSI: -81.8713 dBm | Tput: 0 Mbps | Delay: 0 ms | Jitter: 0 ms | Drop: 84944
[INFO] Waktu: 228s | Jarak: 2279 m | RSSI: -81.8713 dBm | Tput: 0 Mbps | Delay: 0 ms | Jitter: 0 ms | Drop: 84970
[INFO] Waktu: 228.2s | Jarak: 2281 m | RSSI: -81.8713 dBm | Tput: 0 Mbps | Delay: 0 ms | Jitter: 0 ms | Drop: 84837
[INFO] Waktu: 228.4s | Jarak: 2283 m | RSSI: -81.8713 dBm | Tput: 0 Mbps | Delay: 0 ms | Jitter: 0 ms | Drop: 84921
[INFO] Waktu: 228.6s | Jarak: 2285 m | RSSI: -81.8713 dBm | Tput: 0 Mbps | Delay: 0 ms | Jitter: 0 ms | Drop: 84972
[INFO] Waktu: 228.8s | Jarak: 2287 m | RSSI: -81.8713 dBm | Tput: 0 Mbps | Delay: 0 ms | Jitter: 0 ms | Drop: 85016
[INFO] Waktu: 229s | Jarak: 2289 m | RSSI: -81.8713 dBm | Tput: 0 Mbps | Delay: 0 ms | Jitter: 0 ms | Drop: 84778
[INFO] Waktu: 229.2s | Jarak: 2291 m | RSSI: -81.8713 dBm | Tput: 0 Mbps | Delay: 0 ms | Jitter: 0 ms | Drop: 84932
[INFO] Waktu: 229.4s | Jarak: 2293 m | RSSI: -81.8713 dBm | Tput: 0 Mbps | Delay: 0 ms | Jitter: 0 ms | Drop: 84852
[INFO] Waktu: 229.6s | Jarak: 2295 m | RSSI: -81.8713 dBm | Tput: 0 Mbps | Delay: 0 ms | Jitter: 0 ms | Drop: 84914
[INFO] Waktu: 229.8s | Jarak: 2297 m | RSSI: -81.8713 dBm | Tput: 0 Mbps | Delay: 0 ms | Jitter: 0 ms | Drop: 84973
[INFO] Waktu: 230s | Jarak: 2299 m | RSSI: -81.8713 dBm | Tput: 0 Mbps | Delay: 0 ms | Jitter: 0 ms | Drop: 84898
[INFO] Waktu: 230.2s | Jarak: 2301 m | RSSI: -81.8713 dBm | Tput: 0 Mbps | Delay: 0 ms | Jitter: 0 ms | Drop: 84839
[INFO] Waktu: 230.4s | Jarak: 2303 m | RSSI: -81.8713 dBm | Tput: 0 Mbps | Delay: 0 ms | Jitter: 0 ms | Drop: 84857
[INFO] Waktu: 230.6s | Jarak: 2305 m | RSSI: -81.8713 dBm | Tput: 0 Mbps | Delay: 0 ms | Jitter: 0 ms | Drop: 84974
[INFO] Waktu: 230.8s | Jarak: 2307 m | RSSI: -81.8713 dBm | Tput: 0 Mbps | Delay: 0 ms | Jitter: 0 ms | Drop: 84922
[INFO] Waktu: 231s | Jarak: 2309 m | RSSI: -81.8713 dBm | Tput: 0 Mbps | Delay: 0 ms | Jitter: 0 ms | Drop: 84917
[INFO] Waktu: 231.2s | Jarak: 2311 m | RSSI: -81.8713 dBm | Tput: 0 Mbps | Delay: 0 ms | Jitter: 0 ms | Drop: 84887
[INFO] Waktu: 231.4s | Jarak: 2313 m | RSSI: -81.8713 dBm | Tput: 0 Mbps | Delay: 0 ms | Jitter: 0 ms | Drop: 84822
[INFO] Waktu: 231.6s | Jarak: 2315 m | RSSI: -81.8713 dBm | Tput: 0 Mbps | Delay: 0 ms | Jitter: 0 ms | Drop: 85023
[INFO] Waktu: 231.8s | Jarak: 2317 m | RSSI: -81.8713 dBm | Tput: 0 Mbps | Delay: 0 ms | Jitter: 0 ms | Drop: 85027
[INFO] Waktu: 232s | Jarak: 2319 m | RSSI: -81.8713 dBm | Tput: 0 Mbps | Delay: 0 ms | Jitter: 0 ms | Drop: 84860
[INFO] Waktu: 232.2s | Jarak: 2321 m | RSSI: -81.8713 dBm | Tput: 0 Mbps | Delay: 0 ms | Jitter: 0 ms | Drop: 85023
[INFO] Waktu: 232.4s | Jarak: 2323 m | RSSI: -81.8713 dBm | Tput: 0 Mbps | Delay: 0 ms | Jitter: 0 ms | Drop: 84827
[INFO] Waktu: 232.6s | Jarak: 2325 m | RSSI: -81.8713 dBm | Tput: 0 Mbps | Delay: 0 ms | Jitter: 0 ms | Drop: 84942
[INFO] Waktu: 232.8s | Jarak: 2327 m | RSSI: -81.8713 dBm | Tput: 0 Mbps | Delay: 0 ms | Jitter: 0 ms | Drop: 84896
[INFO] Waktu: 233s | Jarak: 2329 m | RSSI: -81.8713 dBm | Tput: 0 Mbps | Delay: 0 ms | Jitter: 0 ms | Drop: 84964
[INFO] Waktu: 233.2s | Jarak: 2331 m | RSSI: -81.8713 dBm | Tput: 0 Mbps | Delay: 0 ms | Jitter: 0 ms | Drop: 84946
[INFO] Waktu: 233.4s | Jarak: 2333 m | RSSI: -81.8713 dBm | Tput: 0 Mbps | Delay: 0 ms | Jitter: 0 ms | Drop: 84882
[INFO] Waktu: 233.6s | Jarak: 2335 m | RSSI: -81.8713 dBm | Tput: 0 Mbps | Delay: 0 ms | Jitter: 0 ms | Drop: 85000
[INFO] Waktu: 233.8s | Jarak: 2337 m | RSSI: -81.8713 dBm | Tput: 0 Mbps | Delay: 0 ms | Jitter: 0 ms | Drop: 84880
[INFO] Waktu: 234s | Jarak: 2339 m | RSSI: -81.8713 dBm | Tput: 0 Mbps | Delay: 0 ms | Jitter: 0 ms | Drop: 84910
[INFO] Waktu: 234.2s | Jarak: 2341 m | RSSI: -81.8713 dBm | Tput: 0 Mbps | Delay: 0 ms | Jitter: 0 ms | Drop: 85101
[INFO] Waktu: 234.4s | Jarak: 2343 m | RSSI: -81.8713 dBm | Tput: 0 Mbps | Delay: 0 ms | Jitter: 0 ms | Drop: 84971
[INFO] Waktu: 234.6s | Jarak: 2345 m | RSSI: -81.8713 dBm | Tput: 0 Mbps | Delay: 0 ms | Jitter: 0 ms | Drop: 85014
[INFO] Waktu: 234.8s | Jarak: 2347 m | RSSI: -81.8713 dBm | Tput: 0 Mbps | Delay: 0 ms | Jitter: 0 ms | Drop: 85112
[INFO] Waktu: 235s | Jarak: 2349 m | RSSI: -81.8713 dBm | Tput: 0 Mbps | Delay: 0 ms | Jitter: 0 ms | Drop: 85011
[INFO] Waktu: 235.2s | Jarak: 2351 m | RSSI: -81.8713 dBm | Tput: 0 Mbps | Delay: 0 ms | Jitter: 0 ms | Drop: 85062
[INFO] Waktu: 235.4s | Jarak: 2353 m | RSSI: -81.8713 dBm | Tput: 0 Mbps | Delay: 0 ms | Jitter: 0 ms | Drop: 84903
[INFO] Waktu: 235.6s | Jarak: 2355 m | RSSI: -81.8713 dBm | Tput: 0 Mbps | Delay: 0 ms | Jitter: 0 ms | Drop: 84928
[INFO] Waktu: 235.8s | Jarak: 2357 m | RSSI: -81.8713 dBm | Tput: 0 Mbps | Delay: 0 ms | Jitter: 0 ms | Drop: 84869
[INFO] Waktu: 236s | Jarak: 2359 m | RSSI: -81.8713 dBm | Tput: 0 Mbps | Delay: 0 ms | Jitter: 0 ms | Drop: 84851
[INFO] Waktu: 236.2s | Jarak: 2361 m | RSSI: -81.8713 dBm | Tput: 0 Mbps | Delay: 0 ms | Jitter: 0 ms | Drop: 84994
[INFO] Waktu: 236.4s | Jarak: 2363 m | RSSI: -81.8713 dBm | Tput: 0 Mbps | Delay: 0 ms | Jitter: 0 ms | Drop: 84975
[INFO] Waktu: 236.6s | Jarak: 2365 m | RSSI: -81.8713 dBm | Tput: 0 Mbps | Delay: 0 ms | Jitter: 0 ms | Drop: 84911
[INFO] Waktu: 236.8s | Jarak: 2367 m | RSSI: -81.8713 dBm | Tput: 0 Mbps | Delay: 0 ms | Jitter: 0 ms | Drop: 85024
[INFO] Waktu: 237s | Jarak: 2369 m | RSSI: -81.8713 dBm | Tput: 0 Mbps | Delay: 0 ms | Jitter: 0 ms | Drop: 84843
[INFO] Waktu: 237.2s | Jarak: 2371 m | RSSI: -81.8713 dBm | Tput: 0 Mbps | Delay: 0 ms | Jitter: 0 ms | Drop: 84870
[INFO] Waktu: 237.4s | Jarak: 2373 m | RSSI: -81.8713 dBm | Tput: 0 Mbps | Delay: 0 ms | Jitter: 0 ms | Drop: 84864
[INFO] Waktu: 237.6s | Jarak: 2375 m | RSSI: -81.8713 dBm | Tput: 0 Mbps | Delay: 0 ms | Jitter: 0 ms | Drop: 84991
[INFO] Waktu: 237.8s | Jarak: 2377 m | RSSI: -81.8713 dBm | Tput: 0 Mbps | Delay: 0 ms | Jitter: 0 ms | Drop: 84920
[INFO] Waktu: 238s | Jarak: 2379 m | RSSI: -81.8713 dBm | Tput: 0 Mbps | Delay: 0 ms | Jitter: 0 ms | Drop: 84809
[INFO] Waktu: 238.2s | Jarak: 2381 m | RSSI: -81.8713 dBm | Tput: 0 Mbps | Delay: 0 ms | Jitter: 0 ms | Drop: 84948
[INFO] Waktu: 238.4s | Jarak: 2383 m | RSSI: -81.8713 dBm | Tput: 0 Mbps | Delay: 0 ms | Jitter: 0 ms | Drop: 84879
[INFO] Waktu: 238.6s | Jarak: 2385 m | RSSI: -81.8713 dBm | Tput: 0 Mbps | Delay: 0 ms | Jitter: 0 ms | Drop: 84953
[INFO] Waktu: 238.8s | Jarak: 2387 m | RSSI: -81.8713 dBm | Tput: 0 Mbps | Delay: 0 ms | Jitter: 0 ms | Drop: 84867
[INFO] Waktu: 239s | Jarak: 2389 m | RSSI: -81.8713 dBm | Tput: 0 Mbps | Delay: 0 ms | Jitter: 0 ms | Drop: 84980
[INFO] Waktu: 239.2s | Jarak: 2391 m | RSSI: -81.8713 dBm | Tput: 0 Mbps | Delay: 0 ms | Jitter: 0 ms | Drop: 84929
[INFO] Waktu: 239.4s | Jarak: 2393 m | RSSI: -81.8713 dBm | Tput: 0 Mbps | Delay: 0 ms | Jitter: 0 ms | Drop: 84968
[INFO] Waktu: 239.6s | Jarak: 2395 m | RSSI: -81.8713 dBm | Tput: 0 Mbps | Delay: 0 ms | Jitter: 0 ms | Drop: 84889
[INFO] Waktu: 239.8s | Jarak: 2397 m | RSSI: -81.8713 dBm | Tput: 0 Mbps | Delay: 0 ms | Jitter: 0 ms | Drop: 84925
[INFO] Waktu: 240s | Jarak: 2399 m | RSSI: -81.8713 dBm | Tput: 0 Mbps | Delay: 0 ms | Jitter: 0 ms | Drop: 84874
[INFO] Waktu: 240.2s | Jarak: 2401 m | RSSI: -81.8713 dBm | Tput: 0 Mbps | Delay: 0 ms | Jitter: 0 ms | Drop: 84916
[INFO] Waktu: 240.4s | Jarak: 2403 m | RSSI: -81.8713 dBm | Tput: 0 Mbps | Delay: 0 ms | Jitter: 0 ms | Drop: 84930
[INFO] Waktu: 240.6s | Jarak: 2405 m | RSSI: -81.8713 dBm | Tput: 0 Mbps | Delay: 0 ms | Jitter: 0 ms | Drop: 82265
[INFO] Waktu: 240.8s | Jarak: 2407 m | RSSI: -81.8713 dBm | Tput: 0 Mbps | Delay: 0 ms | Jitter: 0 ms | Drop: 84934
[INFO] Waktu: 241s | Jarak: 2409 m | RSSI: -81.8713 dBm | Tput: 0 Mbps | Delay: 0 ms | Jitter: 0 ms | Drop: 84944
[INFO] Waktu: 241.2s | Jarak: 2411 m | RSSI: -81.8713 dBm | Tput: 0 Mbps | Delay: 0 ms | Jitter: 0 ms | Drop: 84928
[INFO] Waktu: 241.4s | Jarak: 2413 m | RSSI: -81.8713 dBm | Tput: 0 Mbps | Delay: 0 ms | Jitter: 0 ms | Drop: 84918
[INFO] Waktu: 241.6s | Jarak: 2415 m | RSSI: -81.8713 dBm | Tput: 0 Mbps | Delay: 0 ms | Jitter: 0 ms | Drop: 84913
[INFO] Waktu: 241.8s | Jarak: 2417 m | RSSI: -81.8713 dBm | Tput: 0 Mbps | Delay: 0 ms | Jitter: 0 ms | Drop: 84919
[INFO] Waktu: 242s | Jarak: 2419 m | RSSI: -81.8713 dBm | Tput: 0 Mbps | Delay: 0 ms | Jitter: 0 ms | Drop: 85004
[INFO] Waktu: 242.2s | Jarak: 2421 m | RSSI: -81.8713 dBm | Tput: 0 Mbps | Delay: 0 ms | Jitter: 0 ms | Drop: 84951
[INFO] Waktu: 242.4s | Jarak: 2423 m | RSSI: -81.8713 dBm | Tput: 0 Mbps | Delay: 0 ms | Jitter: 0 ms | Drop: 85002
[INFO] Waktu: 242.6s | Jarak: 2425 m | RSSI: -81.8713 dBm | Tput: 0 Mbps | Delay: 0 ms | Jitter: 0 ms | Drop: 84973
[INFO] Waktu: 242.8s | Jarak: 2427 m | RSSI: -81.8713 dBm | Tput: 0 Mbps | Delay: 0 ms | Jitter: 0 ms | Drop: 84976
[INFO] Waktu: 243s | Jarak: 2429 m | RSSI: -81.8713 dBm | Tput: 0 Mbps | Delay: 0 ms | Jitter: 0 ms | Drop: 84888
[INFO] Waktu: 243.2s | Jarak: 2431 m | RSSI: -81.8713 dBm | Tput: 0 Mbps | Delay: 0 ms | Jitter: 0 ms | Drop: 84839
[INFO] Waktu: 243.4s | Jarak: 2433 m | RSSI: -81.8713 dBm | Tput: 0 Mbps | Delay: 0 ms | Jitter: 0 ms | Drop: 84920
[INFO] Waktu: 243.6s | Jarak: 2435 m | RSSI: -81.8713 dBm | Tput: 0 Mbps | Delay: 0 ms | Jitter: 0 ms | Drop: 84793
[INFO] Waktu: 243.8s | Jarak: 2437 m | RSSI: -81.8713 dBm | Tput: 0 Mbps | Delay: 0 ms | Jitter: 0 ms | Drop: 85004
[INFO] Waktu: 244s | Jarak: 2439 m | RSSI: -81.8713 dBm | Tput: 0 Mbps | Delay: 0 ms | Jitter: 0 ms | Drop: 84957
[INFO] Waktu: 244.2s | Jarak: 2441 m | RSSI: -81.8713 dBm | Tput: 0 Mbps | Delay: 0 ms | Jitter: 0 ms | Drop: 84851
[INFO] Waktu: 244.4s | Jarak: 2443 m | RSSI: -81.8713 dBm | Tput: 0 Mbps | Delay: 0 ms | Jitter: 0 ms | Drop: 84840
[INFO] Waktu: 244.6s | Jarak: 2445 m | RSSI: -81.8713 dBm | Tput: 0 Mbps | Delay: 0 ms | Jitter: 0 ms | Drop: 84939
[INFO] Waktu: 244.8s | Jarak: 2447 m | RSSI: -81.8713 dBm | Tput: 0 Mbps | Delay: 0 ms | Jitter: 0 ms | Drop: 84827
[INFO] Waktu: 245s | Jarak: 2449 m | RSSI: -81.8713 dBm | Tput: 0 Mbps | Delay: 0 ms | Jitter: 0 ms | Drop: 84911
[INFO] Waktu: 245.2s | Jarak: 2451 m | RSSI: -81.8713 dBm | Tput: 0 Mbps | Delay: 0 ms | Jitter: 0 ms | Drop: 84752
[INFO] Waktu: 245.4s | Jarak: 2453 m | RSSI: -81.8713 dBm | Tput: 0 Mbps | Delay: 0 ms | Jitter: 0 ms | Drop: 84987
[INFO] Waktu: 245.6s | Jarak: 2455 m | RSSI: -81.8713 dBm | Tput: 0 Mbps | Delay: 0 ms | Jitter: 0 ms | Drop: 84930
[INFO] Waktu: 245.8s | Jarak: 2457 m | RSSI: -81.8713 dBm | Tput: 0 Mbps | Delay: 0 ms | Jitter: 0 ms | Drop: 84972
[INFO] Waktu: 246s | Jarak: 2459 m | RSSI: -81.8713 dBm | Tput: 0 Mbps | Delay: 0 ms | Jitter: 0 ms | Drop: 85007
[INFO] Waktu: 246.2s | Jarak: 2461 m | RSSI: -81.8713 dBm | Tput: 0 Mbps | Delay: 0 ms | Jitter: 0 ms | Drop: 84877
[INFO] Waktu: 246.4s | Jarak: 2463 m | RSSI: -81.8713 dBm | Tput: 0 Mbps | Delay: 0 ms | Jitter: 0 ms | Drop: 84989
[INFO] Waktu: 246.6s | Jarak: 2465 m | RSSI: -81.8713 dBm | Tput: 0 Mbps | Delay: 0 ms | Jitter: 0 ms | Drop: 84940
[INFO] Waktu: 246.8s | Jarak: 2467 m | RSSI: -81.8713 dBm | Tput: 0 Mbps | Delay: 0 ms | Jitter: 0 ms | Drop: 84908
[INFO] Waktu: 247s | Jarak: 2469 m | RSSI: -81.8713 dBm | Tput: 0 Mbps | Delay: 0 ms | Jitter: 0 ms | Drop: 84935
[INFO] Waktu: 247.2s | Jarak: 2471 m | RSSI: -81.8713 dBm | Tput: 0 Mbps | Delay: 0 ms | Jitter: 0 ms | Drop: 84991
[INFO] Waktu: 247.4s | Jarak: 2473 m | RSSI: -81.8713 dBm | Tput: 0 Mbps | Delay: 0 ms | Jitter: 0 ms | Drop: 84908
[INFO] Waktu: 247.6s | Jarak: 2475 m | RSSI: -81.8713 dBm | Tput: 0 Mbps | Delay: 0 ms | Jitter: 0 ms | Drop: 84855
[INFO] Waktu: 247.8s | Jarak: 2477 m | RSSI: -81.8713 dBm | Tput: 0 Mbps | Delay: 0 ms | Jitter: 0 ms | Drop: 84944
[INFO] Waktu: 248s | Jarak: 2479 m | RSSI: -81.8713 dBm | Tput: 0 Mbps | Delay: 0 ms | Jitter: 0 ms | Drop: 85011
[INFO] Waktu: 248.2s | Jarak: 2481 m | RSSI: -81.8713 dBm | Tput: 0 Mbps | Delay: 0 ms | Jitter: 0 ms | Drop: 84970
[INFO] Waktu: 248.4s | Jarak: 2483 m | RSSI: -81.8713 dBm | Tput: 0 Mbps | Delay: 0 ms | Jitter: 0 ms | Drop: 84992
[INFO] Waktu: 248.6s | Jarak: 2485 m | RSSI: -81.8713 dBm | Tput: 0 Mbps | Delay: 0 ms | Jitter: 0 ms | Drop: 84887
[INFO] Waktu: 248.8s | Jarak: 2487 m | RSSI: -81.8713 dBm | Tput: 0 Mbps | Delay: 0 ms | Jitter: 0 ms | Drop: 84939
[INFO] Waktu: 249s | Jarak: 2489 m | RSSI: -81.8713 dBm | Tput: 0 Mbps | Delay: 0 ms | Jitter: 0 ms | Drop: 84936
[INFO] Waktu: 249.2s | Jarak: 2491 m | RSSI: -81.8713 dBm | Tput: 0 Mbps | Delay: 0 ms | Jitter: 0 ms | Drop: 84874
[INFO] Waktu: 249.4s | Jarak: 2493 m | RSSI: -81.8713 dBm | Tput: 0 Mbps | Delay: 0 ms | Jitter: 0 ms | Drop: 84905
[INFO] Waktu: 249.6s | Jarak: 2495 m | RSSI: -81.8713 dBm | Tput: 0 Mbps | Delay: 0 ms | Jitter: 0 ms | Drop: 84896
[INFO] Waktu: 249.8s | Jarak: 2497 m | RSSI: -81.8713 dBm | Tput: 0 Mbps | Delay: 0 ms | Jitter: 0 ms | Drop: 84943
[INFO] Waktu: 250s | Jarak: 2499 m | RSSI: -81.8713 dBm | Tput: 0 Mbps | Delay: 0 ms | Jitter: 0 ms | Drop: 84999
[INFO] Waktu: 250.2s | Jarak: 2501 m | RSSI: -81.8713 dBm | Tput: 0 Mbps | Delay: 0 ms | Jitter: 0 ms | Drop: 84946
[INFO] Waktu Eksekusi Nyata (Real Runtime) Simulasi: 16.2105 menit (972.633 detik)

